No;Title;Year;Genre;Origin;Director;Star;IMDB link
1;The Shawshank Redemption;1994;Drama;USA;Frank Darabont;Tim Robbins;https://m.media-amazon.com/images/M/MV5BNDE3ODcxYzMtY2YzZC00NmNlLWJiNDMtZDViZWM2MzIxZDYwXkEyXkFqcGdeQXVyNjAwNDUxODI@._V1_FMjpg_UX1000_.jpg
2;The Godfather;1972;Drama;USA;Francis Ford Coppola;Marlon Brando;https://m.media-amazon.com/images/M/MV5BM2MyNjYxNmUtYTAwNi00MTYxLWJmNWYtYzZlODY3ZTk3OTFlXkEyXkFqcGdeQXVyNzkwMjQ5NzM@._V1_FMjpg_UX1000_.jpg
3;The Godfather: Part II;1974;Drama;USA;Francis Ford Coppola;Al Pacino;https://m.media-amazon.com/images/M/MV5BMWMwMGQzZTItY2JlNC00OWZiLWIyMDctNDk2ZDQ2YjRjMWQ0XkEyXkFqcGdeQXVyNzkwMjQ5NzM@._V1_.jpg
4;The Dark Knight;2008;Drama;USA;Christopher Nolan;Christian Bale;https://m.media-amazon.com/images/M/MV5BMTMxNTMwODM0NF5BMl5BanBnXkFtZTcwODAyMTk2Mw@@._V1_FMjpg_UX1000_.jpg
5;12 Angry Men;1957;Drama;USA;Sidney Lumet;Henry Fonda;https://upload.wikimedia.org/wikipedia/commons/b/b5/12_Angry_Men_%281957_film_poster%29.jpg
6;Schindler's List;1993;Drama;USA;Steven Spielberg;Liam Neeson;https://m.media-amazon.com/images/M/MV5BNDE4OTMxMTctNmRhYy00NWE2LTg3YzItYTk3M2UwOTU5Njg4XkEyXkFqcGdeQXVyNjU0OTQ0OTY@._V1_FMjpg_UX1000_.jpg
7;The Lord of the Rings: The Return of the King;2003;Fantasy;USA;Peter Jackson;Elijah Wood;https://m.media-amazon.com/images/M/MV5BNzA5ZDNlZWMtM2NhNS00NDJjLTk4NDItYTRmY2EwMWZlMTY3XkEyXkFqcGdeQXVyNzkwMjQ5NzM@._V1_FMjpg_UX1000_.jpg
8;Pulp Fiction;1994;Drama;USA;Quentin Tarantino;John Travolta;https://m.media-amazon.com/images/M/MV5BNGNhMDIzZTUtNTBlZi00MTRlLWFjM2ItYzViMjE3YzI5MjljXkEyXkFqcGdeQXVyNzkwMjQ5NzM@._V1_.jpg
9;Il buono, il brutto, il cattivo;1966;Western;West Germany;Sergio Leone;Clint Eastwood;https://mr.comingsoon.it/imgdb/locandine/big/7360.jpg
10;Fight Club;1999;Drama;USA;David Fincher;Brad Pitt;https://ares.shiftdelete.net/2022/01/fight-club-2022.jpg
11;The Lord of the Rings: The Fellowship of the Ring;2001;Fantasy;USA;Peter Jackson;Elijah Wood;https://m.media-amazon.com/images/M/MV5BN2EyZjM3NzUtNWUzMi00MTgxLWI0NTctMzY4M2VlOTdjZWRiXkEyXkFqcGdeQXVyNDUzOTQ5MjY@._V1_FMjpg_UX1000_.jpg
12;Forrest Gump;1994;Drama;USA;Robert Zemeckis;Tom Hanks;https://tr.web.img4.acsta.net/pictures/bzp/01/10568.jpg
13;Star Wars: Episode V - The Empire Strikes Back;1980;Fantasy;USA;Irvin Kershner;Mark Hamill;https://m.media-amazon.com/images/M/MV5BYmU1NDRjNDgtMzhiMi00NjZmLTg5NGItZDNiZjU5NTU4OTE0XkEyXkFqcGdeQXVyNzkwMjQ5NzM@._V1_.jpg
14;Inception;2010;Adventure;USA;Christopher Nolan;Leonardo DiCaprio;https://m.media-amazon.com/images/M/MV5BMjAxMzY3NjcxNF5BMl5BanBnXkFtZTcwNTI5OTM0Mw@@._V1_.jpg
15;The Lord of the Rings: The Two Towers;2002;Fantasy;USA;Peter Jackson;Elijah Wood;https://m.media-amazon.com/images/M/MV5BZGMxZTdjZmYtMmE2Ni00ZTdkLWI5NTgtNjlmMjBiNzU2MmI5XkEyXkFqcGdeQXVyNjU0OTQ0OTY@._V1_.jpg
16;One Flew Over the Cuckoo's Nest;1975;Drama;USA;Milos Forman;Jack Nicholson;https://m.media-amazon.com/images/M/MV5BMTMyMzc1OTI1MF5BMl5BanBnXkFtZTcwNjUzNTIwNA@@._V1_.jpg
17;Goodfellas;1990;Drama;USA;Martin Scorsese;Robert De Niro;https://m.media-amazon.com/images/M/MV5BYjllYzEzZDUtMmUxMi00MjEwLWFiYTQtNTg5OWY1MTlhYjI0XkEyXkFqcGdeQW1pYnJ5YW50._V1_.jpg
18;The Matrix;1999;Action;USA;Lana Wachowski;Keanu Reeves;https://static1.colliderimages.com/wordpress/wp-content/uploads/2023/05/the-matrix-code-keanu-reeves.jpeg
19;Shichinin no samurai;1954;Drama;Japan;Akira Kurosawa;Toshirô Mifune;https://miro.medium.com/v2/resize:fit:1200/1*4C1g7ZhF0eoef--NbU6P-w.jpeg
20;Cidade de Deus;2002;Drama;Brazil;Fernando Meirelles;Alexandre Rodrigues;https://m.media-amazon.com/images/M/MV5BOTMwYjc5ZmItYTFjZC00ZGQ3LTlkNTMtMjZiNTZlMWQzNzI5XkEyXkFqcGdeQXVyNzkwMjQ5NzM@._V1_.jpg
21;Se7en;1995;Drama;USA;David Fincher;Morgan Freeman;https://m.media-amazon.com/images/M/MV5BOTUwODM5MTctZjczMi00OTk4LTg3NWUtNmVhMTAzNTNjYjcyXkEyXkFqcGdeQXVyNjU0OTQ0OTY@._V1_.jpg
22;Star Wars;1977;Fantasy;USA;George Lucas;Mark Hamill;https://m.media-amazon.com/images/M/MV5BMDljNTQ5ODItZmQwMy00M2ExLTljOTQtZTVjNGE2NTg0NGIxXkEyXkFqcGdeQXVyODkzNTgxMDg@._V1_FMjpg_UX1000_.jpg
23;The Silence of the Lambs;1991;Thriller;USA;Jonathan Demme;Jodie Foster;https://m.media-amazon.com/images/M/MV5BNjNhZTk0ZmEtNjJhMi00YzFlLWE1MmEtYzM1M2ZmMGMwMTU4XkEyXkFqcGdeQXVyNjU0OTQ0OTY@._V1_.jpg
24;It's a Wonderful Life;1946;Drama;USA;Frank Capra;James Stewart;https://m.media-amazon.com/images/M/MV5BMjQxNTM4Mjg1NV5BMl5BanBnXkFtZTgwNDYyNzM4NjM@._V1_.jpg
25;La vita è bella;1997;War;Italy;Roberto Benigni;Roberto Benigni;https://upload.wikimedia.org/wikipedia/it/8/8c/Lavita%C3%A8bella1997.png
26;The Usual Suspects;1995;Thriller;USA;Bryan Singer;Kevin Spacey;https://m.media-amazon.com/images/M/MV5BYTViNjMyNmUtNDFkNC00ZDRlLThmMDUtZDU2YWE4NGI2ZjVmXkEyXkFqcGdeQXVyNjU0OTQ0OTY@._V1_.jpg
27;Sen to Chihiro no kamikakushi;2001;Adventure;Japan;Hayao Miyazaki;Daveigh Chase;https://m.media-amazon.com/images/M/MV5BMjlmZmI5MDctNDE2YS00YWE0LWE5ZWItZDBhYWQ0NTcxNWRhXkEyXkFqcGdeQXVyMTMxODk2OTU@._V1_.jpg
28;Saving Private Ryan;1998;Drama;USA;Steven Spielberg;Tom Hanks;https://m.media-amazon.com/images/M/MV5BN2ZkY2E2ODYtZTY1MC00NTAzLWJhNDUtNzAyNTcyZTcwZmE3XkEyXkFqcGdeQXVyMDc2NTEzMw@@._V1_.jpg
29;Léon;1994;Drama;France;Luc Besson;Jean Reno;https://m.media-amazon.com/images/M/MV5BOTgyMWQ0ZWUtN2Q2MS00NmY0LWI3OWMtNjFkMzZlNDZjNTk0XkEyXkFqcGdeQXVyMjUzOTY1NTc@._V1_.jpg
30;Spider-Man: Into the Spider-Verse;2018;Comedy;USA;Bob Persichetti;Shameik Moore;https://m.media-amazon.com/images/M/MV5BMjMwNDkxMTgzOF5BMl5BanBnXkFtZTgwNTkwNTQ3NjM@._V1_.jpg
31;The Green Mile;1999;Drama;USA;Frank Darabont;Tom Hanks;https://m.media-amazon.com/images/M/MV5BMTUxMzQyNjA5MF5BMl5BanBnXkFtZTYwOTU2NTY3._V1_FMjpg_UX1000_.jpg
32;Interstellar;2014;Drama;USA;Christopher Nolan;Matthew McConaughey;https://m.media-amazon.com/images/M/MV5BZjdkOTU3MDktN2IxOS00OGEyLWFmMjktY2FiMmZkNWIyODZiXkEyXkFqcGdeQXVyMTMxODk2OTU@._V1_.jpg
33;Psycho;1960;Thriller;USA;Alfred Hitchcock;Anthony Perkins;https://m.media-amazon.com/images/M/MV5BZGQwMDQyZGQtMWI5ZC00ZjgyLWE3Y2MtMjZjZjQ4MDk4ZDNkXkEyXkFqcGdeQXVyNzU1NzE3NTg@._V1_QL75_UX500_CR0,47,500,281_.jpg
34;American History X;1998;Drama;USA;Tony Kaye;Edward Norton;https://m.media-amazon.com/images/M/MV5BZTJhN2FkYWEtMGI0My00YWM4LWI2MjAtM2UwNjY4MTI2ZTQyXkEyXkFqcGdeQXVyNjc3MjQzNTI@._V1_.jpg
35;City Lights;1931;Drama;USA;Charles Chaplin;Charles Chaplin;https://m.media-amazon.com/images/M/MV5BY2I4MmM1N2EtM2YzOS00OWUzLTkzYzctNDc5NDg2N2IyODJmXkEyXkFqcGdeQXVyNzkwMjQ5NzM@._V1_FMjpg_UX1000_.jpg
36;C'era una volta il West;1968;Western;Italy;Sergio Leone;Henry Fonda;https://m.media-amazon.com/images/M/MV5BODQ3NDExOGYtMzI3Mi00NWRlLTkwNjAtNjc4MDgzZGJiZTA1XkEyXkFqcGdeQXVyMjUzOTY1NTc@._V1_FMjpg_UX1000_.jpg
37;Casablanca;1942;War;USA;Michael Curtiz;Humphrey Bogart;https://m.media-amazon.com/images/M/MV5BY2IzZGY2YmEtYzljNS00NTM5LTgwMzUtMzM1NjQ4NGI0OTk0XkEyXkFqcGdeQXVyNDYyMDk5MTU@._V1_FMjpg_UX1000_.jpg
38;Modern Times;1936;Drama;USA;Charles Chaplin;Charles Chaplin;https://i0.wp.com/www.sosyalbilimler.org/wp-content/uploads/2018/04/Modern-Zamamnlar-Film-Poster-v2.jpg?resize=770%2C750&ssl=1
39;The Pianist;2002;Drama;France;Roman Polanski;Adrien Brody;https://m.media-amazon.com/images/M/MV5BOWRiZDIxZjktMTA1NC00MDQ2LWEzMjUtMTliZmY3NjQ3ODJiXkEyXkFqcGdeQXVyNjU0OTQ0OTY@._V1_.jpg
40;Intouchables;2011;Drama;France;Olivier Nakache;François Cluzet;https://m.media-amazon.com/images/M/MV5BODY0MDM1MDE2OV5BMl5BanBnXkFtZTcwMzEyMjkyNw@@._V1_.jpg
41;The Departed;2006;Drama;Hong Kong;Martin Scorsese;Leonardo DiCaprio;https://m.media-amazon.com/images/M/MV5BMTk3OTE2ODM1NF5BMl5BanBnXkFtZTcwMjc4MzMyNw@@._V1_.jpg
42;Terminator 2: Judgment Day;1991;Action;France;James Cameron;Arnold Schwarzenegger;https://m.media-amazon.com/images/M/MV5BMGU2NzRmZjUtOGUxYS00ZjdjLWEwZWItY2NlM2JhNjkxNTFmXkEyXkFqcGdeQXVyNjU0OTQ0OTY@._V1_.jpg
43;Back to the Future;1985;Comedy;USA;Robert Zemeckis;Michael J. Fox;https://m.media-amazon.com/images/M/MV5BZmU0M2Y1OGUtZjIxNi00ZjBkLTg1MjgtOWIyNThiZWIwYjRiXkEyXkFqcGdeQXVyMTQxNzMzNDI@._V1_FMjpg_UX1000_.jpg
44;Whiplash;2014;Drama;USA;Damien Chazelle;Miles Teller;https://m.media-amazon.com/images/M/MV5BOTA5NDZlZGUtMjAxOS00YTRkLTkwYmMtYWQ0NWEwZDZiNjEzXkEyXkFqcGdeQXVyMTMxODk2OTU@._V1_.jpg
45;Rear Window;1954;Thriller;USA;Alfred Hitchcock;James Stewart;https://m.media-amazon.com/images/M/MV5BOTJkN2U2YzEtMWRmYS00YzNkLTk0YjYtMGYzZjY4MzYwZDAyXkEyXkFqcGdeQXVyODk4OTc3MTY@._V1_.jpg
46;Raiders of the Lost Ark;1981;Adventure;USA;Steven Spielberg;Harrison Ford;https://m.media-amazon.com/images/M/MV5BNTU2ODkyY2MtMjU1NC00NjE1LWEzYjgtMWQ3MzRhMTE0NDc0XkEyXkFqcGdeQXVyMjM4MzQ4OTQ@._V1_FMjpg_UX1000_.jpg
47;The Lion King ;1994;Adventure;USA;Roger Allers;Donald Glover;https://m.media-amazon.com/images/M/MV5BMjIwMjE1Nzc4NV5BMl5BanBnXkFtZTgwNDg4OTA1NzM@._V1_FMjpg_UX1000_.jpg
48;Gladiator;2000;Drama;USA;Ridley Scott;Russell Crowe;https://media.npr.org/assets/img/2015/11/25/gettyimages-156473199_custom-60c5ab37668dfcb743f85117f0117e28abdd7041-s1100-c50.jpg
49;The Prestige;2006;Drama;USA;Christopher Nolan;Christian Bale;https://m.media-amazon.com/images/M/MV5BMjA4NDI0MTIxNF5BMl5BanBnXkFtZTYwNTM0MzY2._V1_.jpg
50;Apocalypse Now;1979;Drama;USA;Francis Ford Coppola;Martin Sheen;https://m.media-amazon.com/images/M/MV5BYmQyNTA1ZGItNjZjMi00NzFlLWEzMWEtNWMwN2Q2MjJhYzEyXkEyXkFqcGdeQXVyMjUzOTY1NTc@._V1_.jpg
51;Memento;2000;Thriller;USA;Christopher Nolan;Guy Pearce;https://m.media-amazon.com/images/M/MV5BZTcyNjk1MjgtOWI3Mi00YzQwLWI5MTktMzY4ZmI2NDAyNzYzXkEyXkFqcGdeQXVyNjU0OTQ0OTY@._V1_FMjpg_UX1000_.jpg
52;Alien;1979;Horror;USA;Ridley Scott;Sigourney Weaver;https://m.media-amazon.com/images/M/MV5BOGQzZTBjMjQtOTVmMS00NGE5LWEyYmMtOGQ1ZGZjNmRkYjFhXkEyXkFqcGdeQXVyMjUzOTY1NTc@._V1_FMjpg_UX1000_.jpg
53;The Great Dictator;1940;Drama;USA;Charles Chaplin;Charles Chaplin;https://m.media-amazon.com/images/M/MV5BYjYyNjJmMGMtMjFiNy00ZWJhLTg4MTMtNDc1N2ZiZGNlOTE4XkEyXkFqcGdeQXVyMDM2NDM2MQ@@._V1_.jpg
54;Nuovo Cinema Paradiso;1988;Drama;Italy;Giuseppe Tornatore;Philippe Noiret;https://www.raiplay.it/cropgd/1200x600/dl/img/2019/10/22/1571762508677_2048x1152logo.JPG
55;Hotaru no haka;1988;War;Japan;Isao Takahata;Tsutomu Tatsumi;https://m.media-amazon.com/images/M/MV5BZmY2NjUzNDQtNTgxNC00M2Q4LTljOWQtMjNjNDBjNWUxNmJlXkEyXkFqcGdeQXVyNTA4NzY1MzY@._V1_.jpg
56;Avengers: Infinity War;2018;Adventure;USA;Anthony Russo;Robert Downey Jr.;https://m.media-amazon.com/images/M/MV5BMjMxNjY2MDU1OV5BMl5BanBnXkFtZTgwNzY1MTUwNTM@._V1_.jpg
57;Sunset Blvd.;1950;Drama;USA;Billy Wilder;William Holden;https://m.media-amazon.com/images/M/MV5BMTU0NTkyNzYwMF5BMl5BanBnXkFtZTgwMDU0NDk5MTI@._V1_.jpg
58;Das Leben der Anderen;2006;Drama;Germany;Florian Henckel von Donnersmarck;Ulrich Mühe;https://m.media-amazon.com/images/M/MV5BNmQyNmJjM2ItNTQzYi00ZjMxLWFjMDYtZjUyN2YwZDk5YWQ2XkEyXkFqcGdeQXVyMjUzOTY1NTc@._V1_.jpg
59;Dr. Strangelove or: How I Learned to Stop Worrying and Love the Bomb;1964;Comedy;USA;Stanley Kubrick;Peter Sellers;https://m.media-amazon.com/images/M/MV5BMWMxYjZkOWUtM2FjMi00MmI1LThkNzQtNTM5Y2E2ZGQ2NGFhXkEyXkFqcGdeQXVyMTA0MTM5NjI2._V1_.jpg
60;Paths of Glory;1957;Drama;USA;Stanley Kubrick;Kirk Douglas;https://m.media-amazon.com/images/M/MV5BOTI5Nzc0OTMtYzBkMS00NjkxLThmM2UtNjM2ODgxN2M5NjNkXkEyXkFqcGdeQXVyNjQ2MjQ5NzM@._V1_FMjpg_UX1000_.jpg
61;The Shining;1980;Horror;USA;Stanley Kubrick;Jack Nicholson;https://m.media-amazon.com/images/M/MV5BZWFlYmY2MGEtZjVkYS00YzU4LTg0YjQtYzY1ZGE3NTA5NGQxXkEyXkFqcGdeQXVyMTQxNzMzNDI@._V1_FMjpg_UX1000_.jpg
62;Django Unchained;2012;Western;USA;Quentin Tarantino;Jamie Foxx;https://m.media-amazon.com/images/M/MV5BMjIyNTQ5NjQ1OV5BMl5BanBnXkFtZTcwODg1MDU4OA@@._V1_.jpg
63;WALL E;2008;Adventure;USA;Andrew Stanton;Ben Burtt;https://m.media-amazon.com/images/M/MV5BMjE4MTcwMTM1Nl5BMl5BanBnXkFtZTcwMTIwMzMzMw@@._V1_.jpg
64;Mononoke-hime;1997;Adventure;Japan;Hayao Miyazaki;Yôji Matsuda;https://m.media-amazon.com/images/M/MV5BNTZkYmI0MmEtNGFlZC00OWZjLWFjMmItMjk1OWZkOWJiZGVjXkEyXkFqcGdeQXVyMTMxODk2OTU@._V1_FMjpg_UX1000_.jpg
65;Witness for the Prosecution;1957;Drama;USA;Billy Wilder;Tyrone Power;https://m.media-amazon.com/images/M/MV5BNDQwODU5OWYtNDcyNi00MDQ1LThiOGMtZDkwNWJiM2Y3MDg0XkEyXkFqcGdeQXVyMDI2NDg0NQ@@._V1_.jpg
66;American Beauty;1999;Drama;USA;Sam Mendes;Kevin Spacey;https://m.media-amazon.com/images/M/MV5BNTBmZWJkNjctNDhiNC00MGE2LWEwOTctZTk5OGVhMWMyNmVhXkEyXkFqcGdeQXVyMTMxODk2OTU@._V1_FMjpg_UX1000_.jpg
67;The Dark Knight Rises;2012;Action;USA;Christopher Nolan;Christian Bale;https://m.media-amazon.com/images/M/MV5BMTk4ODQzNDY3Ml5BMl5BanBnXkFtZTcwODA0NTM4Nw@@._V1_FMjpg_UX1000_.jpg
68;Oldeuboi;2003;Thriller;South Korea;Chan-wook Park;Choi Min-sik;https://m.media-amazon.com/images/M/MV5BMTI3NTQyMzU5M15BMl5BanBnXkFtZTcwMTM2MjgyMQ@@._V1_.jpg
69;Aliens;1986;Adventure;USA;James Cameron;Sigourney Weaver;https://m.media-amazon.com/images/M/MV5BYjE1ZDgxMTMtYzA3Ny00MjIwLWFiZTUtZDhhMjM3YzA3M2RkXkEyXkFqcGdeQXVyNzkwMjQ5NzM@._V1_FMjpg_UX1000_.jpg
70;Once Upon a Time in America;1984;Drama;Italy;Sergio Leone;Robert De Niro;https://m.media-amazon.com/images/M/MV5BMGFkNWI4MTMtNGQ0OC00MWVmLTk3MTktOGYxN2Y2YWVkZWE2XkEyXkFqcGdeQXVyNjU0OTQ0OTY@._V1_FMjpg_UX1000_.jpg
71;Coco;2017;Comedy;USA;Lee Unkrich;Anthony Gonzalez;https://m.media-amazon.com/images/M/MV5BYjQ5NjM0Y2YtNjZkNC00ZDhkLWJjMWItN2QyNzFkMDE3ZjAxXkEyXkFqcGdeQXVyODIxMzk5NjA@._V1_.jpg
72;Das Boot;1981;War;West Germany;Wolfgang Petersen;Jürgen Prochnow;https://m.media-amazon.com/images/I/91C0LVL2CLL._RI_.jpg
73;Citizen Kane;1941;Drama;USA;Orson Welles;Orson Welles;https://i0.wp.com/tespitoloji.com/wp-content/uploads/2020/05/citizen_kane_-_h_-_1941_0.jpg?fit=1296%2C730&ssl=1
74;Braveheart;1995;Drama;USA;Mel Gibson;Mel Gibson;https://m.media-amazon.com/images/M/MV5BMzkzMmU0YTYtOWM3My00YzBmLWI0YzctOGYyNTkwMWE5MTJkXkEyXkFqcGdeQXVyNzkwMjQ5NzM@._V1_.jpg
75;Vertigo;1958;Thriller;USA;Alfred Hitchcock;James Stewart;https://m.media-amazon.com/images/M/MV5BYTE4ODEwZDUtNDFjOC00NjAxLWEzYTQtYTI1NGVmZmFlNjdiL2ltYWdlL2ltYWdlXkEyXkFqcGdeQXVyNjc1NTYyMjg@._V1_.jpg
76;North by Northwest;1959;Thriller;USA;Alfred Hitchcock;Cary Grant;https://m.media-amazon.com/images/M/MV5BZDA3NDExMTUtMDlhOC00MmQ5LWExZGUtYmI1NGVlZWI4OWNiXkEyXkFqcGdeQXVyNjc1NTYyMjg@._V1_FMjpg_UX1000_.jpg
77;Reservoir Dogs;1992;Drama;USA;Quentin Tarantino;Harvey Keitel;https://m.media-amazon.com/images/M/MV5BZmExNmEwYWItYmQzOS00YjA5LTk2MjktZjEyZDE1Y2QxNjA1XkEyXkFqcGdeQXVyMTQxNzMzNDI@._V1_FMjpg_UX1000_.jpg
78;Star Wars: Episode VI - Return of the Jedi;1983;Adventure;USA;Richard Marquand;Mark Hamill;https://m.media-amazon.com/images/M/MV5BOWZlMjFiYzgtMTUzNC00Y2IzLTk1NTMtZmNhMTczNTk0ODk1XkEyXkFqcGdeQXVyNTAyODkwOQ@@._V1_.jpg
79;M - Eine Stadt sucht einen Mörder;1931;Thriller;Germany;Fritz Lang;Peter Lorre;https://m.media-amazon.com/images/M/MV5BY2Q2MDM0YjctOTAwOS00OWIxLTk3YTktMDBiMmNmMGJmMGZiXkEyXkFqcGdeQXVyOTEwNTkyNjE@._V1_.jpg
80;Kimi no na wa.;2016;Romance;Japan;Makoto Shinkai;Ryunosuke Kamiki;https://m.media-amazon.com/images/M/MV5BODRmZDVmNzUtZDA4ZC00NjhkLWI2M2UtN2M0ZDIzNDcxYThjL2ltYWdlXkEyXkFqcGdeQXVyNTk0MzMzODA@._V1_FMjpg_UX1000_.jpg
81;Amadeus;1984;Drama;France;Milos Forman;F. Murray Abraham;https://m.media-amazon.com/images/M/MV5BNWJlNzUzNGMtYTAwMS00ZjI2LWFmNWQtODcxNWUxODA5YmU1XkEyXkFqcGdeQXVyNTIzOTk5ODM@._V1_.jpg
82;Requiem for a Dream;2000;Drama;USA;Darren Aronofsky;Ellen Burstyn;https://www.imdb.com/title/https://m.media-amazon.com/images/M/MV5BOTdiNzJlOWUtNWMwNS00NmFlLWI0YTEtZmI3YjIzZWUyY2Y3XkEyXkFqcGdeQXVyNjU0OTQ0OTY@._V1_.jpg
83;Dangal;2016;Drama;India;Nitesh Tiwari;Aamir Khan;https://m.media-amazon.com/images/M/MV5BMTQ4MzQzMzM2Nl5BMl5BanBnXkFtZTgwMTQ1NzU3MDI@._V1_.jpg
84;Taare Zameen Par;2007;Drama;India;Aamir Khan;Aamir Khan;https://m.media-amazon.com/images/M/MV5BMDhjZWViN2MtNzgxOS00NmI4LThiZDQtZDI3MzM4MDE4NTc0XkEyXkFqcGdeQXVyMTMxODk2OTU@._V1_.jpg
85;Lawrence of Arabia;1962;Biography;UK;David Lean;Peter O'Toole;https://m.media-amazon.com/images/M/MV5BYWY5ZjhjNGYtZmI2Ny00ODM0LWFkNzgtZmI1YzA2N2MxMzA0XkEyXkFqcGdeQXVyNjUwNzk3NDc@._V1_.jpg
86;Eternal Sunshine of the Spotless Mind;2004;Romance;USA;Michel Gondry;Jim Carrey;https://m.media-amazon.com/images/M/MV5BODkyMTYzNDExNl5BMl5BanBnXkFtZTcwNTAwOTMyMw@@._V1_.jpg
87;A Clockwork Orange;1971;Drama;USA;Stanley Kubrick;Malcolm McDowell;https://m.media-amazon.com/images/M/MV5BMTY3MjM1Mzc4N15BMl5BanBnXkFtZTgwODM0NzAxMDE@._V1_.jpg
88;3 Idiots;2009;Drama;India;Rajkumar Hirani;Aamir Khan;https://m.media-amazon.com/images/M/MV5BNTkyOGVjMGEtNmQzZi00NzFlLTlhOWQtODYyMDc2ZGJmYzFhXkEyXkFqcGdeQXVyNjU0OTQ0OTY@._V1_FMjpg_UX1000_.jpg
89;2001: A Space Odyssey;1968;Adventure;USA;Stanley Kubrick;Keir Dullea;https://m.media-amazon.com/images/M/MV5BMmNlYzRiNDctZWNhMi00MzI4LThkZTctMTUzMmZkMmFmNThmXkEyXkFqcGdeQXVyNzkwMjQ5NzM@._V1_FMjpg_UX1000_.jpg
90;Le fabuleux destin d'Amélie Poulain;2001;Comedy;France;Jean-Pierre Jeunet;Audrey Tautou;https://m.media-amazon.com/images/M/MV5BNDg4NjM1YjMtYmNhZC00MjM0LWFiZmYtNGY1YjA3MzZmODc5XkEyXkFqcGdeQXVyNDk3NzU2MTQ@._V1_.jpg
91;Toy Story;1995;Comedy;USA;John Lasseter;Tom Hanks;https://m.media-amazon.com/images/M/MV5BMDU2ZWJlMjktMTRhMy00ZTA5LWEzNDgtYmNmZTEwZTViZWJkXkEyXkFqcGdeQXVyNDQ2OTk4MzI@._V1_.jpg
92;Double Indemnity;1944;Drama;USA;Billy Wilder;Fred MacMurray;https://m.media-amazon.com/images/M/MV5BOTdlNjgyZGUtOTczYi00MDdhLTljZmMtYTEwZmRiOWFkYjRhXkEyXkFqcGdeQXVyNDY2MTk1ODk@._V1_FMjpg_UX1000_.jpg
93;Taxi Driver;1976;Drama;USA;Martin Scorsese;Robert De Niro;https://m.media-amazon.com/images/M/MV5BM2M1MmVhNDgtNmI0YS00ZDNmLTkyNjctNTJiYTQ2N2NmYzc2XkEyXkFqcGdeQXVyNzkwMjQ5NzM@._V1_.jpg
94;Singin' in the Rain;1952;Comedy;USA;Stanley Donen;Gene Kelly;https://m.media-amazon.com/images/M/MV5BZDRjNGViMjQtOThlMi00MTA3LThkYzQtNzJkYjBkMGE0YzE1XkEyXkFqcGdeQXVyNDYyMDk5MTU@._V1_FMjpg_UX1000_.jpg
95;Inglourious Basterds;2009;War;USA;Quentin Tarantino;Brad Pitt;https://m.media-amazon.com/images/M/MV5BOTJiNDEzOWYtMTVjOC00ZjlmLWE0NGMtZmE1OWVmZDQ2OWJhXkEyXkFqcGdeQXVyNTIzOTk5ODM@._V1_FMjpg_UX1000_.jpg
96;Full Metal Jacket;1987;Drama;USA;Stanley Kubrick;Matthew Modine;https://m.media-amazon.com/images/M/MV5BNzkxODk0NjEtYjc4Mi00ZDI0LTgyYjEtYzc1NDkxY2YzYTgyXkEyXkFqcGdeQXVyNzkwMjQ5NzM@._V1_.jpg
97;To Kill a Mockingbird;1962;Drama;USA;Robert Mulligan;Gregory Peck;https://m.media-amazon.com/images/M/MV5BNmVmYzcwNzMtMWM1NS00MWIyLThlMDEtYzUwZDgzODE1NmE2XkEyXkFqcGdeQXVyNzkwMjQ5NzM@._V1_FMjpg_UX1000_.jpg
98;Ladri di biciclette;1948;Drama;Italy;Vittorio De Sica;Lamberto Maggiorani;https://s2.dmcdn.net/v/TOiBp1Xc9bClMJ24S/x1080
99;The Kid;1921;Drama;USA;Charles Chaplin;Charles Chaplin;https://assets.mubicdn.net/images/film/1442/image-w1280.jpg?1606416580
100;The Sting;1973;Drama;USA;George Roy Hill;Paul Newman;https://m.media-amazon.com/images/M/MV5BMTU1ODc3MjkyN15BMl5BanBnXkFtZTcwOTYwODQyNw@@._V1_.jpg
101;Good Will Hunting;1997;Romance;USA;Gus Van Sant;Robin Williams;https://m.media-amazon.com/images/M/MV5BMjE4NTcwMjU3MF5BMl5BanBnXkFtZTgwODE1MTAwMjE@._V1_.jpg
102;Toy Story 3;2010;Comedy;USA;Lee Unkrich;Tom Hanks;https://m.media-amazon.com/images/M/MV5BMTgxOTY4Mjc0MF5BMl5BanBnXkFtZTcwNTA4MDQyMw@@._V1_FMjpg_UX1000_.jpg
103;Jagten;2012;Drama;Sweden;Thomas Vinterberg;Mads Mikkelsen;https://m.media-amazon.com/images/M/MV5BMTg2NDg3ODg4NF5BMl5BanBnXkFtZTcwNzk3NTc3Nw@@._V1_.jpg
104;Snatch;2000;Comedy;USA;Guy Ritchie;Jason Statham;https://m.media-amazon.com/images/M/MV5BMTA2NDYxOGYtYjU1Mi00Y2QzLTgxMTQtMWI1MGI0ZGQ5MmU4XkEyXkFqcGdeQXVyNDk3NzU2MTQ@._V1_.jpg
105;Scarface;1983;Drama;USA;Brian De Palma;Al Pacino;https://m.media-amazon.com/images/M/MV5BNjdjNGQ4NDEtNTEwYS00MTgxLTliYzQtYzE2ZDRiZjFhZmNlXkEyXkFqcGdeQXVyNjU0OTQ0OTY@._V1_FMjpg_UX1000_.jpg
106;Monty Python and the Holy Grail;1975;Comedy;UK;Terry Gilliam;Graham Chapman;https://m.media-amazon.com/images/M/MV5BMTU2MTIyNzAyMV5BMl5BanBnXkFtZTcwMDE3NDkxNA@@._V1_.jpg
107;Per qualche dollaro in più;1965;Western;West Germany;Sergio Leone;Clint Eastwood;https://m.media-amazon.com/images/M/MV5BMzJlZTNkYjQtMTE1OS00YTJlLTgxNjItYzg4NTllODdkMzBiXkEyXkFqcGdeQXVyMjUzOTY1NTc@._V1_FMjpg_UX1000_.jpg
108;L.A. Confidential;1997;Drama;USA;Curtis Hanson;Kevin Spacey;https://m.media-amazon.com/images/M/MV5BMDQ2YzEyZGItYWRhOS00MjBmLTkzMDUtMTdjYzkyMmQxZTJlXkEyXkFqcGdeQXVyNjU0OTQ0OTY@._V1_.jpg
109;The Apartment;1960;Romance;USA;Billy Wilder;Jack Lemmon;https://www.perasinema.com/wp-content/uploads/2018/02/the_apartment.jpg
110;Metropolis;1927;Drama;Germany;Fritz Lang;Brigitte Helm;https://m.media-amazon.com/images/M/MV5BMTg5YWIyMWUtZDY5My00Zjc1LTljOTctYmI0MWRmY2M2NmRkXkEyXkFqcGdeQXVyMTMxODk2OTU@._V1_FMjpg_UX1000_.jpg
111;Jodaeiye Nader az Simin;2011;Drama;Iran;Asghar Farhadi;Payman Maadi;https://m.media-amazon.com/images/M/MV5BMTg2MTc0ODEwOV5BMl5BanBnXkFtZTgwNDAyOTY1MDI@._V1_.jpg
112;Indiana Jones and the Last Crusade;1989;Adventure;USA;Steven Spielberg;Harrison Ford;https://m.media-amazon.com/images/M/MV5BY2Q0ODg4ZmItNDZiYi00ZWY5LTg2NzctNmYwZjA5OThmNzE1XkEyXkFqcGdeQXVyMjM4MzQ4OTQ@._V1_FMjpg_UX1000_.jpg
113;Rashômon;1950;Drama;Japan;Akira Kurosawa;Toshirô Mifune;https://m.media-amazon.com/images/M/MV5BMTk1MDU5MjQ5NF5BMl5BanBnXkFtZTgwMDM2OTE4MzE@._V1_.jpg
114;Up;2009;Adventure;USA;Pete Docter;Edward Asner;https://m.media-amazon.com/images/M/MV5BMTU4NTY1NDc2N15BMl5BanBnXkFtZTcwMDY5OTIzMw@@._V1_.jpg
115;All About Eve;1950;Drama;USA;Joseph L. Mankiewicz;Bette Davis;https://m.media-amazon.com/images/M/MV5BOTA2OWZmZGItZTM3Yy00YjIwLTk3NTgtYThkYjAyZmY4ZWJlXkEyXkFqcGdeQXVyMDc2NTEzMw@@._V1_.jpg
116;Batman Begins;2005;Adventure;USA;Christopher Nolan;Christian Bale;https://m.media-amazon.com/images/M/MV5BOTY4YjI2N2MtYmFlMC00ZjcyLTg3YjEtMDQyM2ZjYzQ5YWFkXkEyXkFqcGdeQXVyMTQxNzMzNDI@._V1_FMjpg_UX1000_.jpg
117;Yôjinbô;1961;Drama;Japan;Akira Kurosawa;Toshirô Mifune;https://m.media-amazon.com/images/M/MV5BZThiZjAzZjgtNDU3MC00YThhLThjYWUtZGRkYjc2ZWZlOTVjXkEyXkFqcGdeQXVyNTA4NzY1MzY@._V1_.jpg
118;Some Like It Hot;1959;Comedy;USA;Billy Wilder;Marilyn Monroe;https://m.media-amazon.com/images/M/MV5BNzAyOGIxYjAtMGY2NC00ZTgyLWIwMWEtYzY0OWQ4NDFjOTc5XkEyXkFqcGdeQXVyNjU0OTQ0OTY@._V1_FMjpg_UX1000_.jpg
119;Unforgiven;1992;Western;USA;Clint Eastwood;Clint Eastwood;https://m.media-amazon.com/images/M/MV5BODM3YWY4NmQtN2Y3Ni00OTg0LWFhZGQtZWE3ZWY4MTJlOWU4XkEyXkFqcGdeQXVyNjU0OTQ0OTY@._V1_.jpg
120;Der Untergang;2004;Drama;Italy;Oliver Hirschbiegel;Bruno Ganz;https://www.tuicakademi.org/wp-content/uploads/2021/03/der-untergang-112__v-facebook1200_3667a9.jpg
121;Die Hard;1988;Action;USA;John McTiernan;Bruce Willis;https://m.media-amazon.com/images/M/MV5BZjRlNDUxZjAtOGQ4OC00OTNlLTgxNmQtYTBmMDgwZmNmNjkxXkEyXkFqcGdeQXVyNzkwMjQ5NzM@._V1_.jpg
122;The Treasure of the Sierra Madre;1948;Western;USA;John Huston;Humphrey Bogart;https://m.media-amazon.com/images/M/MV5BYjZjNTJlZGUtZTE1Ny00ZDc4LTgwYjUtMzk0NDgwYzZjYTk1XkEyXkFqcGdeQXVyNjU0OTQ0OTY@._V1_FMjpg_UX1000_.jpg
123;Heat;1995;Drama;USA;Michael Mann;Al Pacino;https://m.media-amazon.com/images/M/MV5BYjZjNTJlZGUtZTE1Ny00ZDc4LTgwYjUtMzk0NDgwYzZjYTk1XkEyXkFqcGdeQXVyNjU0OTQ0OTY@._V1_FMjpg_UX1000_.jpg
124;Ikiru;1952;Drama;Japan;Akira Kurosawa;Takashi Shimura;https://prod-images.tcm.com/Master-Profile-Images/ikiru1952.78970.jpg
125;Incendies;2010;Drama;Canada;Denis Villeneuve;Lubna Azabal;https://m.media-amazon.com/images/M/MV5BMWE3MGYzZjktY2Q5Mi00Y2NiLWIyYWUtMmIyNzA3YmZlMGFhXkEyXkFqcGdeQXVyMTMxODk2OTU@._V1_.jpg
126;Raging Bull;1980;Drama;USA;Martin Scorsese;Robert De Niro;https://m.media-amazon.com/images/M/MV5BYjRmODkzNDItMTNhNi00YjJlLTg0ZjAtODlhZTM0YzgzYThlXkEyXkFqcGdeQXVyNzQ1ODk3MTQ@._V1_.jpg
127;The Great Escape;1963;Thriller;USA;John Sturges;Steve McQueen;https://m.media-amazon.com/images/M/MV5BNzA2NmYxMWUtNzBlMC00MWM2LTkwNmQtYTFlZjQwODNhOWE0XkEyXkFqcGdeQXVyNTIzOTk5ODM@._V1_.jpg
128;Bacheha-Ye aseman;1997;Drama;Iran;Majid Majidi;Mohammad Amir Naji;https://m.media-amazon.com/images/M/MV5BOGM4YWE5ZjMtNzQ4Ny00NWFmLTk2ZjgtYmVlMTE4NTc4Y2YwXkEyXkFqcGdeQXVyNjAwNTYwNDg@._V1_.jpg
129;El laberinto del fauno;2006;Drama;Mexico;Guillermo del Toro;Ivana Baquero;https://m.media-amazon.com/images/M/MV5BYzFjMThiMGItOWRlMC00MDI4LThmOGUtYTNlZGZiYWI1YjMyXkEyXkFqcGdeQXVyMjUzOTY1NTc@._V1_.jpg
130;Babam ve Oglum;2005;Drama;Turkey;Çagan Irmak;Çetin Tekindor;https://www.sinevidyo.com/wp-content/uploads/2022/05/babam-ve-oglum2-1024x576.jpg
131;Chinatown;1974;Drama;USA;Roman Polanski;Jack Nicholson;https://m.media-amazon.com/images/M/MV5BMjJkMDZhYzItZTFhMi00ZGI4LThlNTAtZDNlYmEwNjFkNDYzXkEyXkFqcGdeQXVyMjUzOTY1NTc@._V1_FMjpg_UX1000_.jpg
132;The Third Man;1949;Thriller;UK;Carol Reed;Orson Welles;https://m.media-amazon.com/images/M/MV5BYjE2OTdhMWUtOGJlMy00ZDViLWIzZjgtYjZkZGZmMDZjYmEyXkEyXkFqcGdeQXVyNzkwMjQ5NzM@._V1_.jpg
133;Bohemian Rhapsody;2018;Drama;USA;Bryan Singer;Rami Malek;https://m.media-amazon.com/images/M/MV5BMTA2NDc3Njg5NDVeQTJeQWpwZ15BbWU4MDc1NDcxNTUz._V1_.jpg
134;Tonari no Totoro;1988;Fantasy;Japan;Hayao Miyazaki;Hitoshi Takagi;https://m.media-amazon.com/images/M/MV5BMjEyMzI0Nzc1N15BMl5BanBnXkFtZTgwNjA2MDIyMDE@._V1_.jpg
135;Hauru no ugoku shiro;2004;Adventure;Japan;Hayao Miyazaki;Chieko Baishô;https://m.media-amazon.com/images/M/MV5BNmM4YTFmMmItMGE3Yy00MmRkLTlmZGEtMzZlOTQzYjk3MzA2XkEyXkFqcGdeQXVyMTMxODk2OTU@._V1_FMjpg_UX1000_.jpg
136;Ran;1985;Drama;Japan;Akira Kurosawa;Tatsuya Nakadai;https://m.media-amazon.com/images/M/MV5BMmU1NGYwZWYtOWExNi00ZTEyLTgwMmUtM2ZlMDVjNWM4YjVlXkEyXkFqcGdeQXVyMjUzOTY1NTc@._V1_.jpg
137;Judgment at Nuremberg;1961;Drama;USA;Stanley Kramer;Spencer Tracy;https://m.media-amazon.com/images/M/MV5BODhjY2QwZWMtNzczNC00OWYwLWJlODgtNGMxOTMxNWY2ZGNmXkEyXkFqcGdeQXVyMDM2NDM2MQ@@._V1_.jpg
138;El secreto de sus ojos;2009;Thriller;Argentina;Juan José Campanella;Ricardo Darín;https://m.media-amazon.com/images/M/MV5BY2FhZGI5M2QtZWFiZS00NjkwLWE4NWQtMzg3ZDZjNjdkYTJiXkEyXkFqcGdeQXVyMTMxODk2OTU@._V1_FMjpg_UX1000_.jpg
139;The Gold Rush;1925;Drama;USA;Charles Chaplin;Charles Chaplin;https://m.media-amazon.com/images/M/MV5BODI0NTFkMTItOTYyNC00MzQ4LTgzZWMtMzdhMDAyOWU5YjA5XkEyXkFqcGdeQXVyNzQ1ODk3MTQ@._V1_FMjpg_UX1000_.jpg
140;The Bridge on the River Kwai;1957;War;USA;David Lean;William Holden;https://m.media-amazon.com/images/M/MV5BMTMzMTkzOTY1M15BMl5BanBnXkFtZTcwNjkxMTU4Mw@@._V1_.jpg
141;A Beautiful Mind;2001;Drama;USA;Ron Howard;Russell Crowe;https://m.media-amazon.com/images/M/MV5BMzcwYWFkYzktZjAzNC00OGY1LWI4YTgtNzc5MzVjMDVmNjY0XkEyXkFqcGdeQXVyMTQxNzMzNDI@._V1_FMjpg_UX1000_.jpg
142;Lock, Stock and Two Smoking Barrels;1998;Comedy;UK;Guy Ritchie;Jason Flemyng;https://m.media-amazon.com/images/M/MV5BMTAyN2JmZmEtNjAyMy00NzYwLThmY2MtYWQ3OGNhNjExMmM4XkEyXkFqcGdeQXVyNDk3NzU2MTQ@._V1_FMjpg_UX1000_.jpg
143;Casino;1995;Drama;France;Martin Scorsese;Robert De Niro;https://m.media-amazon.com/images/M/MV5BMTcxOWYzNDYtYmM4YS00N2NkLTk0NTAtNjg1ODgwZjAxYzI3XkEyXkFqcGdeQXVyNTA4NzY1MzY@._V1_FMjpg_UX1000_.jpg
144;Three Billboards Outside Ebbing, Missouri;2017;Drama;USA;Martin McDonagh;Frances McDormand;https://m.media-amazon.com/images/M/MV5BMjI0ODcxNzM1N15BMl5BanBnXkFtZTgwMzIwMTEwNDI@._V1_.jpg
145;On the Waterfront;1954;Drama;USA;Elia Kazan;Marlon Brando;https://m.media-amazon.com/images/M/MV5BMTAyMDIzMzg5OTheQTJeQWpwZ15BbWU4MDUwMDk3OTEx._V1_.jpg
146;Det sjunde inseglet;1957;Drama;Sweden;Ingmar Bergman;Max von Sydow;https://turkcealtyazi.org/film/backdrops/9367a30b7829d59c47189a495157b415.jpg
147;Inside Out;2015;Comedy;USA;Pete Docter;Amy Poehler;https://m.media-amazon.com/images/M/MV5BMjAyNDg5MjEwMl5BMl5BanBnXkFtZTgwODQyNDM5NTE@._V1_.jpg
148;The Elephant Man;1980;Drama;USA;David Lynch;Anthony Hopkins;https://m.media-amazon.com/images/M/MV5BMDVjNjIwOGItNDE3Ny00OThjLWE0NzQtZTU3YjMzZTZjMzhkXkEyXkFqcGdeQXVyMTQxNzMzNDI@._V1_.jpg
149;Room;2015;Drama;Canada;Lenny Abrahamson;Brie Larson;https://m.media-amazon.com/images/M/MV5BMjE4NzgzNzEwMl5BMl5BanBnXkFtZTgwMTMzMDE0NjE@._V1_.jpg
150;The Wolf of Wall Street;2013;Drama;USA;Martin Scorsese;Leonardo DiCaprio;https://m.media-amazon.com/images/M/MV5BMjIxMjgxNTk0MF5BMl5BanBnXkFtZTgwNjIyOTg2MDE@._V1_FMjpg_UX1000_.jpg
151;Mr. Smith Goes to Washington;1939;Drama;USA;Frank Capra;James Stewart;https://m.media-amazon.com/images/S/aplus-media/vc/95e93e4c-f50d-4453-801b-9b3a57c8566f.__CR0,0,970,600_PT0_SX970_V1___.jpg
152;V for Vendetta;2005;Drama;Germany;James McTeigue;Hugo Weaving;https://evrimagaci.org/public/content_media/b7841440a3acbd5986534bb258bd4ceb.jpg
153;Warrior;2011;Drama;USA;Gavin O'Connor;Andrew Koji;https://m.media-amazon.com/images/M/MV5BMTk4ODk5MTMyNV5BMl5BanBnXkFtZTcwMDMyNTg0Ng@@._V1_.jpg
154;Blade Runner;1982;Thriller;Hong Kong;Ridley Scott;Harrison Ford;https://m.media-amazon.com/images/M/MV5BNzQzMzJhZTEtOWM4NS00MTdhLTg0YjgtMjM4MDRkZjUwZDBlXkEyXkFqcGdeQXVyNjU0OTQ0OTY@._V1_.jpg
155;Dial M for Murder;1954;Thriller;USA;Alfred Hitchcock;Ray Milland;https://m.media-amazon.com/images/M/MV5BNjk2NTIyNzE4NV5BMl5BanBnXkFtZTcwODQyODMwOQ@@._V1_.jpg
156;Smultronstället;1957;Romance;Sweden;Ingmar Bergman;Victor Sjöström;https://m.media-amazon.com/images/M/MV5BZWQ0YzM3MTUtOGQ5YS00ZGY0LWIzMTUtY2JmNGFmMWE0MTczXkEyXkFqcGdeQXVyMTAyOTE2ODg0._V1_.jpg
157;The General;1926;Comedy;USA;Clyde Bruckman;Buster Keaton;https://m.media-amazon.com/images/M/MV5BYmRiMDFlYjYtOTMwYy00OGY2LWE0Y2QtYzQxOGNhZmUwNTIxXkEyXkFqcGdeQXVyNzkwMjQ5NzM@._V1_FMjpg_UX1000_.jpg
158;No Country for Old Men;2007;Drama;USA;Ethan Coen;Tommy Lee Jones;https://m.media-amazon.com/images/M/MV5BMTc4MDczMjkyNl5BMl5BanBnXkFtZTcwNzczODI3OA@@._V1_.jpg
159;Trainspotting;1996;Drama;UK;Danny Boyle;Ewan McGregor;https://m.media-amazon.com/images/M/MV5BNTI4NTMzYjctZDE0Ni00NTcwLWE5NzQtMjgxZDZkNTQ4YWE4XkEyXkFqcGdeQW1pYnJ5YW50._V1_.jpg
160;There Will Be Blood;2007;Drama;USA;Paul Thomas Anderson;Daniel Day-Lewis;https://m.media-amazon.com/images/M/MV5BMjEyNDcyODA3M15BMl5BanBnXkFtZTcwOTcwNjExNA@@._V1_.jpg
161;The Sixth Sense;1999;Drama;USA;M. Night Shyamalan;Bruce Willis;https://m.media-amazon.com/images/M/MV5BMWM4NTFhYjctNzUyNi00NGMwLTk3NTYtMDIyNTZmMzRlYmQyXkEyXkFqcGdeQXVyMTAwMzUyOTc@._V1_FMjpg_UX1000_.jpg
162;Gone with the Wind;1939;War;USA;Victor Fleming;Clark Gable;https://m.media-amazon.com/images/M/MV5BYjUyZWZkM2UtMzYxYy00ZmQ3LWFmZTQtOGE2YjBkNjA3YWZlXkEyXkFqcGdeQXVyNzkwMjQ5NzM@._V1_.jpg
163;The Thing;1982;Horror;USA;John Carpenter;Kurt Russell;https://m.media-amazon.com/images/M/MV5BNGViZWZmM2EtNGYzZi00ZDAyLTk3ODMtNzIyZTBjN2Y1NmM1XkEyXkFqcGdeQXVyNTAyODkwOQ@@._V1_.jpg
164;Fargo;1996;Drama;USA;Joel Coen;William H. Macy;https://m.media-amazon.com/images/M/MV5BYjBiMzY5NGMtZjdiMS00MjBmLWIyZTMtMjBjNmFjZGI0MmJiXkEyXkFqcGdeQWpnYW1i._V1_.jpg
165;Gran Torino;2008;Drama;USA;Clint Eastwood;Clint Eastwood;https://m.media-amazon.com/images/M/MV5BMTc5NTk2OTU1Nl5BMl5BanBnXkFtZTcwMDc3NjAwMg@@._V1_FMjpg_UX1000_.jpg
166;Roma ;2018;Drama;Mexico;Alfonso Cuarón;Yalitza Aparicio;https://m.media-amazon.com/images/M/MV5BMTU0OTc3ODk4Ml5BMl5BanBnXkFtZTgwMzM4NzI5NjM@._V1_FMjpg_UX1000_.jpg
167;The Deer Hunter;1978;Drama;USA;Michael Cimino;Robert De Niro;https://m.media-amazon.com/images/M/MV5BNDhmNTA0ZDMtYjhkNS00NzEzLWIzYTItOGNkMTVmYjE2YmI3XkEyXkFqcGdeQXVyNzkwMjQ5NzM@._V1_.jpg
168;Finding Nemo;2003;Adventure;USA;Andrew Stanton;Albert Brooks;https://www.petitcollective.com/responsive_filemanager/source/nemoo.jpg
169;Idi i smotri;1985;Drama;Soviet Union;Elem Klimov;Aleksey Kravchenko;https://m.media-amazon.com/images/M/MV5BODM4Njg0NTAtYjI5Ny00ZjAxLTkwNmItZTMxMWU5M2U3M2RjXkEyXkFqcGdeQXVyNzkwMjQ5NzM@._V1_.jpg
170;The Big Lebowski;1998;Comedy;USA;Joel Coen;Jeff Bridges;https://www.otekisinema.com/wp-content/uploads/2016/11/The-Big-Lebowski-the-big-lebowski-30868830-1920-1080-660x330.jpg
171;Shutter Island;2010;Thriller;USA;Martin Scorsese;Leonardo DiCaprio;https://m.media-amazon.com/images/M/MV5BYzhiNDkyNzktNTZmYS00ZTBkLTk2MDAtM2U0YjU1MzgxZjgzXkEyXkFqcGdeQXVyMTMxODk2OTU@._V1_.jpg
172;Sherlock Jr.;1924;Romance;USA;Buster Keaton;Buster Keaton;https://m.media-amazon.com/images/M/MV5BMjA5NDIxMzUwNV5BMl5BanBnXkFtZTcwNjkyMDMzNA@@._V1_.jpg
173;Kill Bill: Vol. 1;2003;Action;USA;Quentin Tarantino;Uma Thurman;https://m.media-amazon.com/images/M/MV5BNzM3NDFhYTAtYmU5Mi00NGRmLTljYjgtMDkyODQ4MjNkMGY2XkEyXkFqcGdeQXVyNzkwMjQ5NzM@._V1_FMjpg_UX1000_.jpg
174;Cool Hand Luke;1967;Drama;USA;Stuart Rosenberg;Paul Newman;https://m.media-amazon.com/images/M/MV5BNjcwNTQ3Y2EtMjdmZi00ODBhLWFhNzQtOTc3MWU5NTZlMDViXkEyXkFqcGdeQXVyMjUzOTY1NTc@._V1_FMjpg_UX1000_.jpg
175;Rebecca;1940;Thriller;USA;Alfred Hitchcock;Laurence Olivier;https://m.media-amazon.com/images/M/MV5BYTcxYWExOTMtMWFmYy00ZjgzLWI0YjktNWEzYzJkZTg0NDdmL2ltYWdlXkEyXkFqcGdeQXVyNjc1NTYyMjg@._V1_FMjpg_UX1000_.jpg
176;Tôkyô monogatari;1953;Drama;Japan;Yasujirô Ozu;Chishû Ryû;https://m.media-amazon.com/images/M/MV5BYWQ4ZTRiODktNjAzZC00Nzg1LTk1YWQtNDFmNDI0NmZiNGIwXkEyXkFqcGdeQXVyNzkwMjQ5NzM@._V1_.jpg
177;Mary and Max;2009;Drama;Australia;Adam Elliot;Toni Collette;https://m.media-amazon.com/images/M/MV5BMTcxNTY3OTYxMF5BMl5BanBnXkFtZTcwNjg5ODM5Mg@@._V1_.jpg
178;Hacksaw Ridge;2016;Drama;USA;Mel Gibson;Andrew Garfield;https://m.media-amazon.com/images/M/MV5BMjQ1NjM3MTUxNV5BMl5BanBnXkFtZTgwMDc5MTY5OTE@._V1_FMjpg_UX1000_.jpg
179;Gone Girl;2014;Thriller;USA;David Fincher;Ben Affleck;https://m.media-amazon.com/images/M/MV5BMTk0MDQ3MzAzOV5BMl5BanBnXkFtZTgwNzU1NzE3MjE@._V1_FMjpg_UX1000_.jpg
180;How to Train Your Dragon;2010;Comedy;USA;Dean DeBlois;Jay Baruchel;https://images.thedirect.com/media/article_full/how-to-train-your-dragon.jpg
181;Sunrise: A Song of Two Humans;1927;Romance;USA;F.W. Murnau;George O'Brien;https://i.guim.co.uk/img/static/sys-images/Arts/Arts_/Pictures/2011/11/16/1321439702064/Janet-Gaynor-George-OBrie-007.jpg?width=1200&height=630&quality=85&auto=format&fit=crop&overlay-align=bottom%2Cleft&overlay-width=100p&overlay-base64=L2ltZy9zdGF0aWMvb3ZlcmxheXMvdGctZGVmYXVsdC5wbmc&enable=upscale&s=cfe2d47e96b175ffd0e0cf92af996c29
182;Relatos salvajes;2014;Drama;Argentina;Damián Szifron;Darío Grandinetti;https://m.media-amazon.com/images/M/MV5BNGQzY2Y0MTgtMDA4OC00NjM3LWI0ZGQtNTJlM2UxZDQxZjI0XkEyXkFqcGdeQXVyNDUzOTQ5MjY@._V1_.jpg
183;Jurassic Park;1993;Adventure;USA;Steven Spielberg;Sam Neill;https://m.media-amazon.com/images/M/MV5BMjM2MDgxMDg0Nl5BMl5BanBnXkFtZTgwNTM2OTM5NDE@._V1_FMjpg_UX1000_.jpg
184;Into the Wild;2007;Drama;USA;Sean Penn;Emile Hirsch;https://m.media-amazon.com/images/M/MV5BMTM1MjQzMDA5NV5BMl5BanBnXkFtZTcwMDk5MDg3Mw@@._V1_.jpg
185;Life of Brian;1979;Comedy;UK;Terry Jones;Graham Chapman;https://m.media-amazon.com/images/M/MV5BZGM0MzE0NGMtODlmYS00YzgxLTlhZGItMDJlZTFjODQ5M2NkXkEyXkFqcGdeQXVyODc0OTEyNDU@._V1_.jpg
186;In the Name of the Father;1993;Drama;UK;Jim Sheridan;Daniel Day-Lewis;https://m.media-amazon.com/images/M/MV5BMmYyOTgwYWItYmU3Ny00M2E2LTk0NWMtMDVlNmQ0MWZiMTMxXkEyXkFqcGdeQXVyNzkwMjQ5NzM@._V1_.jpg
187;The Truman Show;1998;Drama;USA;Peter Weir;Jim Carrey;https://m.media-amazon.com/images/I/71Lsq7KtFML._AC_UF894,1000_QL80_.jpg
188;The Grand Budapest Hotel;2014;Drama;USA;Wes Anderson;Ralph Fiennes;https://m.media-amazon.com/images/M/MV5BMzM5NjUxOTEyMl5BMl5BanBnXkFtZTgwNjEyMDM0MDE@._V1_FMjpg_UX1000_.jpg
189;Platoon;1986;Drama;USA;Oliver Stone;Charlie Sheen;https://m.media-amazon.com/images/M/MV5BMTM1NzEyOTIyMF5BMl5BanBnXkFtZTcwMjg1MzgxNA@@._V1_.jpg
190;Stand by Me;1986;Drama;USA;Rob Reiner;Wil Wheaton;https://iyikigormusum.com/uploads/fb47b35846f51893ad388ce8ef6a5c1c.jpeg
191;It Happened One Night;1934;Comedy;USA;Frank Capra;Clark Gable;https://m.media-amazon.com/images/M/MV5BNzExODkzNjktYTE0Yi00NTFhLWEwY2YtNTc1ZDE5N2ZkOGM4XkEyXkFqcGdeQXVyMjQwMDg0Ng@@._V1_.jpg
192;Eskiya ;1996;Drama;Turkey;Yavuz Turgul;Þener Þen;https://m.media-amazon.com/images/M/MV5BOGQ4ZjFmYjktOGNkNS00OWYyLWIyZjgtMGJjM2U1ZTA0ZTlhXkEyXkFqcGdeQXVyNTA4NzY1MzY@._V1_FMjpg_UX1000_.jpg
193;Network;1976;Drama;USA;Sidney Lumet;Faye Dunaway;https://m.media-amazon.com/images/M/MV5BZjUzNGZiOTctMjlhZi00MjhlLWFiYTMtNTBhNzhmOTdhZTI2XkEyXkFqcGdeQXVyMTYzMDM0NTU@._V1_.jpg
194;Stalker;1979;Drama;Soviet Union;Andrei Tarkovsky;Alisa Freyndlikh;https://m.media-amazon.com/images/M/MV5BYTE5MDJkMzQtZjFmYi00NzgyLWE2YmQtNzA2NmY4Mjk0MjFkXkEyXkFqcGdeQXVyMTA0MTM5NjI2._V1_FMjpg_UX1000_.jpg
195;Persona;1966;Drama;Sweden;Ingmar Bergman;Bibi Andersson;https://m.media-amazon.com/images/M/MV5BYmFlOTcxMWUtZTMzMi00NWIyLTkwOTEtNjIxNmViNzc2Yzc1XkEyXkFqcGdeQXVyMjUzOTY1NTc@._V1_FMjpg_UX1000_.jpg
196;Salinui chueok;2003;Thriller;South Korea;Joon-ho Bong;Song Kang-ho;https://assets.mubicdn.net/images/artworks/510920/images-original.png?1673347078
197;Ben-Hur;1959;History;USA;William Wyler;Charlton Heston;https://www.antraktsinema.com/images/pimages/201609/makale2_1474303467.jpg
198;Hotel Rwanda;2004;History;South Africa;Terry George;Don Cheadle;https://images-na.ssl-images-amazon.com/images/S/pv-target-images/3633754e4682981b6f5e98a2e57d038d1be547f621d1064bd3c8e59962722844._UY500_UX667_RI_TTW_.jpg
199;12 Years a Slave;2013;History;USA;Steve McQueen;Chiwetel Ejiofor;https://m.media-amazon.com/images/M/MV5BMTM5MTU3MDQ4Ml5BMl5BanBnXkFtZTgwOTQ5MTE0MDE@._V1_.jpg
200;Million Dollar Baby;2004;Drama;USA;Clint Eastwood;Hilary Swank;https://cdn.britannica.com/33/176933-050-252D9226/Clint-Eastwood-Hilary-Swank-Million-Dollar-Baby.jpg
201;La passion de Jeanne d'Arc;1928;History;France;Carl Theodor Dreyer;Maria Falconett;https://m.media-amazon.com/images/M/MV5BNjBjNDJiYTUtOWY0OS00OGVmLTg2YzctMTE0NzVhODM1ZWJmXkEyXkFqcGdeQXVyNjU0OTQ0OTY@._V1_FMjpg_UX1000_.jpg
202;Rush;2013;Drama;Germany;Ron Howard;Daniel Brühl;https://m.media-amazon.com/images/M/MV5BOWEwODJmZDItYTNmZC00OGM4LThlNDktOTQzZjIzMGQxODA4XkEyXkFqcGdeQXVyNjU0OTQ0OTY@._V1_.jpg
203;Andrey Rublev;1966;History;Soviet Union;Andrei Tarkovsky;Anatoliy Solonitsyn;https://m.media-amazon.com/images/M/MV5BM2U2MzYwMzAtM2Q2Zi00OTJhLTgxMjEtOGM0NDk5Mzk4MzE5L2ltYWdlL2ltYWdlXkEyXkFqcGdeQXVyNjMxMjkwMjI@._V1_FMjpg_UX1000_.jpg
204;Le salaire de la peur;1953;Drama;Italy;Henri-Georges Clouzot;Yves Montand;https://www.cinematheque.fr/cache/media/01-films/salaire-de-la-peur-1953-13b/s,910-2a2a3f.jpg
205;Before Sunrise;1995;Romance;Switzerland;Richard Linklater;Ethan Hawke;https://m.media-amazon.com/images/M/MV5BZDdiZTAwYzAtMDI3Ni00OTRjLTkzN2UtMGE3MDMyZmU4NTU4XkEyXkFqcGdeQXVyNjU0OTQ0OTY@._V1_.jpg
206;Mad Max: Fury Road;2015;Adventure;USA;George Miller;Tom Hardy;https://m.media-amazon.com/images/M/MV5BN2EwM2I5OWMtMGQyMi00Zjg1LWJkNTctZTdjYTA4OGUwZjMyXkEyXkFqcGdeQXVyMTMxODk2OTU@._V1_FMjpg_UX1000_.jpg
207;Les quatre cents coups;1959;Drama;France;François Truffaut;Jean-Pierre Léaud;https://m.media-amazon.com/images/M/MV5BYTQ4MjA4NmYtYjRhNi00MTEwLTg0NjgtNjk3ODJlZGU4NjRkL2ltYWdlL2ltYWdlXkEyXkFqcGdeQXVyNjU0OTQ0OTY@._V1_.jpg
208;Prisoners;2013;Drama;USA;Denis Villeneuve;Hugh Jackman;https://m.media-amazon.com/images/M/MV5BMTg0NTIzMjQ1NV5BMl5BanBnXkFtZTcwNDc3MzM5OQ@@._V1_.jpg
209;Hachi: A Dog's Tale;2009;Drama;USA;Lasse Hallström;Richard Gere;https://m.media-amazon.com/images/M/MV5BNzE4NDg5OWMtMzg3NC00ZDRjLTllMDMtZTRjNWZmNjBmMGZlXkEyXkFqcGdeQXVyMTMxODk2OTU@._V1_FMjpg_UX1000_.jpg
210;Spotlight;2015;Drama;USA;Tom McCarthy;Mark Ruffalo;https://i0.wp.com/filmloverss.com/wp-content/uploads/2016/03/Spotlight-FilmLoverss.jpg?fit=720%2C400&ssl=1
211;Logan;2017;Drama;USA;James Mangold;Hugh Jackman;https://m.media-amazon.com/images/M/MV5BYzc5MTU4N2EtYTkyMi00NjdhLTg3NWEtMTY4OTEyMzJhZTAzXkEyXkFqcGdeQXVyNjc1NTYyMjg@._V1_FMjpg_UX1000_.jpg
212;Rang De Basanti;2006;Drama;India;Rakeysh Omprakash Mehra;Aamir Khan;https://m.media-amazon.com/images/M/MV5BYThmZDA0YmQtMWJhNy00MDQwLTk0Y2YtMDhmZTE5ZjhlNjliXkEyXkFqcGdeQXVyODE5NzE3OTE@._V1_FMjpg_UX1000_.jpg
213;Amores perros;2000;Drama;Mexico;Alejandro G. Iñárritu;Emilio Echevarría;https://m.media-amazon.com/images/M/MV5BZjUxNmEwOGItMTBmYi00MWQ1LWExY2MtNDUxMjI0OWM4M2NiXkEyXkFqcGdeQXVyMjUzOTY1NTc@._V1_.jpg
214;The Princess Bride;1987;Romance;USA;Rob Reiner;Cary Elwes;"data:image/jpeg;base64,/9j/4AAQSkZJRgABAQAAAQABAAD/2wCEAAoHCBYVFRgWFhYYGBgaHBwaHBgcHBwaGhgaGBoaGhoaHBocIy4lHh4rIxwaJjgmKy8xNTU1HCQ7QDszPy40NTEBDAwMEA8QHxISHzQsJCs0NDQ0NDQ0NDQ0NDQ0NDQ0NDQ0NDQ0NDQ0NDQ0NDQ0NDQ0NDQ0NDQ0NDQ0NDQ0NDQ0NP/AABEIAQ8AugMBIgACEQEDEQH/xAAcAAACAwEBAQEAAAAAAAAAAAAEBQIDBgEABwj/xABCEAACAQIEAwYDBgQDBwUBAAABAhEAAwQSITEFQVETImFxgZEGMqFCUrHB0fAHFCNigpLhFSQzY5Oi8XKjstLidP/EABoBAAIDAQEAAAAAAAAAAAAAAAABAgMEBQb/xAAqEQACAgEDAwMEAwEBAAAAAAAAAQIRAxIhMQQyQRNRYSIzcYEUI6HBkf/aAAwDAQACEQMRAD8A+f300NU2morEChra1HqB4jQ8JbaofHtsNcw+sDs223+YfrVeDlRIqr4yuZ2s66LbIJ6TBNYOn+8ac3YZa8u3Mcvf9+9dsqCdfTz/AFq50BiJO5JMaAaxVCgloWdfeum1TMfKLr9wRoCJGnIRtQq3CBEmr3TSDuOWnKRqPSoZSF260NtsEklRZYcAQ0+Eevj4/Sq1AnXXw8atcEa697mf1moHT9+VDBErgERznbp4VUydOXKr0uTvttt1ifw+tRddTz/Ok9xLYFZI50RZA66/vn0qy1bB3I8eZgfh/pUHtye7J31MbctOVJbbju9iJXU6bdPWpBJO+/6edR7OI309/SjXwwyhsxkbiJjz6eHkfRpWDdATJsNfy8vr9aOw1oFe8pKjUxE+0z40MtuTHX6UWMMYUdCAZJgk6rGXb5h70R9xSfg9fQcxlBAjWCDHTf0PWmfwKP8Af7Mf8z1/ovS1r7bGWMRJjWM2vy7a+e+utNvgQTj7Ef8AMnw/pXNqjk7WOHO5seJnU1kcd81a/iogtWSxi96uP07es35EtJDDLR8UJh1o7NXcg9jCxLiF6UMiUdeGlCgVT1L2HiHWDICgnYCknxAc7JvoG+uXamWHAYa6DbzoT4gw5U29G1L6eAKAD6jXx5Vh6VL1dzTmb0CQWyQAp5T4dPfWoWmy6r7fv8KsvaKSNO9HQkCZkA9eXhVFtGaPp6V03yYluixxsZIOvp6DwqLt4/sfjUkygyddJ08eu37NSRCV01NNKwPEsRDZthAPPeCP1qsoCYAoh2bSd5mec7e361xEPQ8/emo3sK6IBNB+5/etdt6HYGJ35aRRSJpt+/SuHDyZqbxvlEda8gTrO3M0RaUBlMkEanoY5zXb9uKlYyjUamfEcjr0ioaakNyuJF7neB0IEnbTflVTSdTOv4aRFFogA3zfiNd9DVN3QAQBv1/Ck47Wxp77EbIg6gHx00kH60ZccERO2kifMb+AA18aDdwegGvr+/auADpNJbDavcmH0Ez/AKcx7U9+BiTj7Bjncn/ovFIXBkGNP3yFO/gYEY+x0Jcf+zc/Soz4Y48m14t8zVk8UO8a13FR3jWSxejVxML+s3z7D1jajMtCWKN0rux7UYvInxFBqaNxC6UEgk+tZuoexZiQ34dYDMo18fHbaiv4h2iq2AJghyeezJUeE2M35eH+lEfxA1FhRvlPTqpg+Rj6Vj6R3mf4L86qCMDbsFiMqmNNOZ108hXNpBzCOW0Gec0X2hRYPU5eqiTmg+Mb1JQAQV8zJjr6R4+NdVJGLcqw1jnuP370WtuNhXEwzgggSDv4dTG00eLNaMcduCqb3ARZ1JI8qtCUWLNdFmrUqK27BAlSFuiuxqYs0xMW4jC5gesaVQ+HyR006fT1Ip0LVcu4UMINVyxp7rklGdbeBThic2XwPlA2qV/B/a3I5daZ2MJlHj1/KrHsSDpPh1pKH00xuX1WjPvYM6DT3HvVtjDkyRt/pRmGwzGSNBMR0jl40atjSoRxp7kpTrYV27JE5h05fl1p18GWCMfYMaDPH/ScUPdXKpY7Dy/OrvhDFO2Pw8CFJfTeALbyT0pZVGMaDG5OVmv4t8xrIYz5jWw4x8zVj8V8xrzeKvUZ1p9iO2KLy0Ph1oyK78e1HPYsxI0pfb3plidjS5DrWXqeC7HyPuGYnLH18q58ZWnKYZ11zlyRpMkoqaEQYH41TgQWaeenlRn8QGIXCpMdxyfMMkHzrF0iSzP8F+dtwMvcGYhBDEnvRv3SIliZ0128jVrYBkSWAMHUbaSf9PevcHxQUsDqW1BjTYkknfltWjVQyg6EET4Ga7kIqSs5s5OLrwLrVo5RIg/vpVgt0cbdc7OtBRqB7OELyFEkCY5nyHP/AM1avD3IBCzNHrw5wARsVDSDEA66+NTXC3ARqRJCg5tJOg8edRv2Y/0LDgnAzZdOfh51cvDXM7d0kHXYrvRzYC5JGuhI30Ouv4jfrXBhH0EHXbUeHj4ilfyL9MATAOeUbjXmVDEgf5TUl4e/3T9NjRwwbnbXc6HoWU7+R96kcFcAJIIABO+kDy8op38i/TFlzDFdCI9vLl46elQFumz4B94kdQaGFuhOxPYD7OudnRvZ17s6YtQE1gEQQCDoQdiKP+G8EgxdtwIaW/8Ag/L1r3Z0bwoZbqN0J/A1XlrQ2/Zk8UnrS+Szj2jE/s71krurGtbj7mcMfEj2NZS8IJry+HvZ3J9pdhxRdCYbajK78e1GBirE7GlatrTPFtoaWWt6z9RwW4zR8FQHXXl61b8fDXCkrnLC4QuWZylABO401/8AFS4PsJrn8Q2b/dQrQctzQ7NDWyATOmtYOjf97NHUKoIxQgwAoBkiRz057e/hWv4LabswzOHBAgAQFjTz969geD2bttHe3lMTlHdHpAEqd6cWsMqLlUADXQeJk/Umu9ig07Zx82RSWlA/Z1K3ZkgdSB76UT2ddFur7KEyC4Jz66jUcvWpDBvqPHUZucA6+4qzsDEx6xUuyqG5K0UHAsIMdOY57fjU1wLGRpPSfI/nVhsV0WqLYtvYq/k+7Mjy6d4r+VSXAeU6fUMd/wDD9RVwt13s6LYbexQuAY9PcVU1mDFGi3XjaosdewCLVdFujhar3ZUWKgLs6mls6xvlaP8AKaKFqicDYBcA7HMD6qahl3xyXwyeNVNP5Rnf5glWJGpJmkWIeSa0fELGR3H2dB6is1iNzXmsK+o7s+0KwraUXS/CGjpruRa0owNCjFNoaX2m1o3E7Gl1s61T1C2LcXJruFHaqv4kE5cLBA/4pkxuOz57ga+W3hXuFPt6Ub8ZWwy4cnkLgjlr2Z266Vg6GN52jR1TqCZX8NYwNbCu5L5oAcAEDZV00O2/jT1kVSoJALaKCdWI3ArAO4GpmP3pVeKxjuQzMdAAup7oG0ePOa71Sjsmct4oy34PpIwtT/lqF+F+Ki5bOdgCCAJMT3ROp31DHyrRC2DUfU9yDwNCu2jKIHWeVWqrD9imIsCvdhRrQemxbDbfvXeujN1+gpgbNeNmjUg0MXrmHPnOw3roDdenTlqKONmvdlRqQaGBkMRB5+AqHYUw7Ku9nS1D0MXdhXf5emHZ1IW6NYaBaMNRGFsw4Pn+BosW6miRr5/hUJy+lk4w3TMhxsamsbihBNbXi25rFY4941wcXe0dWXYTwe1HxS7AUyruR7UYGxNiRpS63vTHFc6XWxrVWfgnje5puFcqJ4hZv4gKLdt3yFxKiRGVIJjaQPWDQPDiIG9fQvhK12dtiwAzsDHMQux9653Stxz2vk15kpQo+U4tHVijhlZfsuCCvhB2qq2maBIHiTAr6t8Z/DTYsI9rIHWVbMcuZDtqAdQfxNfNOK8MfD3DauLDgA6ahgeYPMV3YTU1sc5xcRpj+KHDhbdnKylQSWAdWGwUciNJJonBY+6LDOjFDOoQQuXQHKPUGeUxWYS1PzMF8DJMeQ/CnuAvi1aIZGZSrw6Qyw5HzAwVIy8+nnVEoKCSW7vf5LlLVd+xreCcezogecwJDbbAFlPjIBHWRoNa0YeK+cYFoICOO9quoEkaiJ1kb+BHWjLT3VdbjFiV+04YwByP9vlTcEnaf6IXa3Rv1uA71MIKXcPxaXllGE8xz3I9NqMyEGknYNNFht17s66C3Spq/Ig0rYqK+zrwt0QYrhiCelLUPSDqupGnLnrrO4jTaphKQPxBnuZ0zFM6jXuqYA3JjXoOtaRSCJok6BKyKpXXUQfKoO3jQNriaMxQA66A8jpUG2+CSSRmeLfM1YviA7xrZ8VPeNYziPzGuRi+4zbLsPYCmUUtwNMs1d6HBzpPcT4zQUuRtaPxhpdb3rP1HBbjW5p+F2xoa+g4C5FtfM/gKwHDNhW7wi/008z+Vczpt8z/AAbMq+hDnDXhG9Zn4/4Q11FvoATbUhwAcxWQQfJe95TNNFuZfOrP59ojSDuOs711YNxdoySjqVGH4V8EXri52KWwwBGaS0H+0beRg07w/wADOltguIGcgwuUhDJG5k8pExzp8mKbcGjExBIn3qU8rfJGMFHg+c8Z+FMTZ/rMVdUhmdWJKwRMhoJHlyBqzgWPDhLZ3yurbAGSqrI/xHb9a+mLdDAgjTYg7HrXzL4q4K+GvG7bAW1cPcy/YOjZYPynMJEch4UbZFT2fgLcHfgs4e72bphc0T3JgmDuOZG3LnWjw3xNJh0yLtzJB8dPyrAYdz2quxJacxY/eMx9YrXYi0t1FUsYacrjXJCjck6gzt+k0s01CS1LnyvA4LUtv/Bv/t8Zz3f6amC4OffwXYa/vlY3GCVLqTCjWBMZllWI1jn7j0R/D3Dr6doOyLKYg90Bo3gsddKFvr/VZbZZCNMjjIGiQYnl4NG58qKUpNeF58MLpf8ABxc4rfuaohVIkcj4kNsdulVf7auMuQsBsC2UEx5bH2qjBtcQq7qzDeBDMOU7yBEidvpVVk27jhUXIx2MyCfLlPhtVir2290R3/YSuFDPJVnJ10K2+e4WZHsK0Fx2Cdw5t/8A1Ry06jY1n+we5dz2kaRqQdAHBMmSY31itNgLTQGuAKx3UdRzMcz+lV5L2ZKNboQYq8znMT5CdBR3DeHEFXZgNyF5nTSaYYnAWdCREcgYB864b+ZgBoP9KcpfTSIqO9syfGvmasVxD5jW1438zVieJfNXExfdZukvoJ4DamE0swO1MPau9BqjnSTsV4oUsT5vWm2L2NK7Q73rWbO9i+C3NTwzYVt8M39NfM/lWJ4aNBW0tj+knmfyrndJ95mvN2I6TXgKrBq9a6yMh0PlE/TeYpL8MfFb32cugCAgCFP27kIDqRIESfHlFOiax/Er64bG95gEuZLjkg5UKuYPdkyckTH2ugqMgPpa5XGmhoXG3rKW2/mCuRdTnAI8IHM+WtLuHY5H71u4jxBIVgWEyBmX5gNDuKyfx5xO1ft9gj57q3FbIsxIDJkmIZu98oOhHXSo8MHVD21wHBYsM2Gu8tQDmCnlIbvAeFDfDXDLiki7bIRW3JjvIRoBuYPPY7daRfw0QJcvOxh1CJlz7ZiScyA66hRrsZG9b65jiTrU5NyVMUUk7Qxt3pESByA2qriHDkvhO0khGzCNzpGWdwDpt0FLlvEmj0vkL41HeO6G0nsfOk+O3tO4GHRNSMu5BBMh2MkwS2xH67r+k5S/khyA45TmEjMOZE7184+NcJbS8zK+ZnOZ7cfJm1nN0J1jf6VXhvii/ktqrAG3mGwh0bKFBWI7sRpyIpanHkVH1NMYSfCiHxPd0rN/DjuydrdOZ30GgACqToANNydeYC047YU7vehldy4TXMM3fXzrzNNcw/zr50/AhFxsd41ieJjWtxxsd41iuJjU1xcT/tZtl2EMDtR+vSgeH0zruxexzmtxbix3aU4ff1pljn0NLcMNaoz8F2Pk1XCxoK2dt1yIsjMcxCzqQMskDpWN4YdBWjS2AgxHNGyk/wDLAyv6AsW/wCub0j/uZrzdqGGQ11UNW9nVqpXX4MrKQKwXx6g7fVlH9JBBMH/iMZjcjcaTHOBrX0lLVfL/AOJKEYsaadkh8u+4/H8ai9yJn8DiGsXA6OMwVsrLO7CIMgbTPTQVyxgnuK7gqEtxmLsFkvMKs/Mxg6ChrGIUSGQN0OZlI9tD7VO5iZAUKFAnzPmeZqLEi3D4h/lzNBgHWTAI0nevqWF4zh3QP2oECGz919IBbLvBJBkTv10r5KlyOQ+v61I35EZVHiJn8YoTYH2Li2FY2nylldRnUrvmTvCPUVgOE8fu4dtGLISSyMZBJ3M7g/jVHDOK3LaQl90mSVzQoEgDLIYyddgNqUvqSQ/p1pNgWcRuF3ZmcOzNLGTJJ8x+Gg2ph8MYcveygTK5ROoDMV1g6GAHaP7aRs2uw9NK+i/w04UWD4gjT/hoOpGrN6SB6tQCNUloKoVRAUAAdABAqa2iaMNgjlXhbNPUMG7CrbFnvA+NTa2a9aQ5h51HU2BnOOfMaxHEtzW246e8axHEzrXLx/dZrl2HMCNKPml2ANM81duPBhEWOvaRQ2EOtCXrutcS541RlTkSg6ZsMFc0AG9fQOF4YNYCESIIPiCNa+X8IvCQS31X8zX0fgnEUCEM6AAFjLLooEkmGOgHlWPDjcZtmnJNSiiz4ful7WVjL22a055lkOWT5gA+tNFt1m8DiRb4g6Kwa3ikW6hGql1GR4I30Wa1YFapTcShbnEtmvmP8RsG74xVRSxNq0pA0kvddEGvVio/8V9QLgbkDzrOcRwD3sSLiAZQuHlyWAPY4ntWEc+6NPHTSiORPZhTPm9z4KxyqWOGYAAknPb0AEk6PWcJr9BcZ4nbtoVcO2cMmVFZ21UyTl+UeOlfC7nBsQoGay+umik6/wCGnGUX5E0wHNXQ1bPh/wDDq/dtK7XURm1CEFiByzMp0PhBj8J3/wCHb21L3MQgRYnIj3GgkDRFEnepao+4qZj0OlR50Ri1trcYWy5QfKzwHIgd4gaCTJA6EUbw/B2jbuPdLqxX+jBRVLQ2rlyJWYHd8aAKeEYI37qWl+Zs0RqZVGfaf7favuPBMClnD27aHMqqCGiM2bvZo6mZ9a+ffDXFMNhndiF7whcr20iLt8qSTcB1R0HOMscqfYHi1xraJbVyqHKBbUnMiscgbEXALarlABy5mPhSbpbAjY5BXClA8OW8WL3XXUQtpIKJ4lyMzt490eHOmNV6iVFDIaiszRND4q8qLmJAHUyB7gGlq3HRj+Ot3jWJ4o2tavjV9CSVefIr+cVjMfJJIk+x/A1jw436jZdOS0USwT0zzVnrN6KP/mq68XsZDPXDrsfavI/7inWItg8qqTCZjtVDyxrcnofgowjW5759MrH8Ip1i8aow9wWWYEqAxFrJmUsA6u5Y9wqToANQNeVSwnCVHeeB5/pRPELSXVW2GyoGVm00YL9lVXr1NU/yIav+lvoyoq+H7tx0RkYO9p1Co2iopBlyZzD3hu9M19BTiDgZS4difmyhB7T9TWOwtjJea4iqiMoTIANSpJBgaDc0W1q5c0nIvM86ozZ9Uklx/pZDDSt8j3EXHzQ5MjkeU61E8Qb77e9KXvQIkmNJYyT4k1DvtsrGdtN/LrWbVJv6bLNKS+oanGTuatVyZ1Gn5xHLxrOPfgwdD0O4qs4o9aSbXINLwaXtD3oI0nTWTETy8RXncgGSIG4k66A9OlZ8Xe5nzEQcsRzIJ3nw6VYD3c2b7GeIP38kfnNTqT8eL5I2l5Gi8Ktq2YW7QaYkKAe8Y3ijEw4Gnd8vbw8RSLtIQPmOvKOhjUzXFxfjTcmuV/oJXwaBERGIypPlRmGxAG8x4E6VmExQ60Zh7zNsCfIE1FTk3sDiq3NZbfmDPn+oq5b4OmxrM2cWRt6ijLXEFberI5iDgPS/j+FJPiHHlEgo7q25WCBHIgqR461d/NeNcfFCpPMxKB834hjUYnuFfPKPwikl99YBH+b/APVfQeMcKt3NQArdR+lZTE8GKHrU8OWKYpQkxCPf61bm8DTDsAOVWdkOla1lRU8bPM1vm30NSXF21+Vh5waz1x6rDCqvRT5Zb6rXg0j41Du8+hqzDY62DJf6GsszAb1ztR4UPpUxrOzeJxewPt/Q/pXL/G7cd159DWGF0VMEfeHlufpt60v4iH67NNc4qp+19DR+JxanCLcJkm9lLnUmEeBO9YjNWlZwOG2yy5h/MGRMT3bnMa1PFgjFP8FWXK3X5HK3VuDCF4LXC6Gd2VWgN5xzPWl+NdUslnAVi5FsgQXQSHkDSBprvNL8Pi7pdMS3ZhLRVVWWCINVVYQMVHnqd9tajiMRcAuYV0SS+dczfIzako0wQQfWdiTFXOEGt0VKUk9h7i7lu3iQGQFBaDsmuvdLEjxqGJwoQwrApce32bxMrczga9dp9OtLOKPcd7jlFlLfZuqsZQEZQ5DAE6HlI6xVFvEXf5OO6ba3RleTnR4zQoHWZ9T6EscG2mhqUqu/gaY/FIj3FXJkRuzhiO0LQwz/AHjqpOmg0HOiMXiERLbDs+/ZVyG0Ylp1Uc+WnhSrF/1Qt10th7kgOXYI7AAElQuUPtPeCg7jcVFrjXXTDvYHaW07JQzsIKgkEgaMefQ+VR9GKv54Hre3xyN7FwNZz2yj5UPaIfnQ6/1BzyxG3TnrV+Iv5bdu+hlMqgsPsOPmmNtef+lZ69cFpAyrbD5WtFkuZp7uViyRIaDvMTBiqOEcXbDscsMjfOh+VxsdORjn+O1Qlhhw/wDPA1OXKNAnHFzZi2syfXerX4xbOoeD5Gs5xu2iXT2fyOqXEH3VdQwHpPtFAdpWeXSpNl0czo2lr4iUbtRKfENs/b+lYFrldD0v46H6rN4ePWvv/Sh7nF7TaZ/esWHFczCmuniHrM0uIxFk7MKF7dPvj2NJA1WZaksVeSPqNgj3Enb8f0qPaJ0+p/ShnNVzWxRRRqYSzryaPQ+Nd7VfP3/ShakKbQJlzOv7muC4Ov4/vmaprwoSod2ELdXoaaPxhDhlw2Q91+0z5tzqIy5doPWkLGKbcQ4QUZgrBgrATOpVmKLoBqcytMToV8aFH2E3fIzwD/7jehZPbW4WM2aNfl+15RXeLsC+GZxF94a6knunOoQlT8hK/Z0iBoKUNwZwyISmZwSO8YGUAkNpIOo361x+FOqKxjvOqKsMDJDTIIB0IA23J6VLxVCrezV8QZXfHLbKi7ILZmEPZhSwQkgKRoTvOm06KrVwf7Of/wDpB9OzUT5TpS1ODP2i22KjYkiWgdoLZgRuC06xoJrycIbOiMVHaBmVhMQqltyABMR4cwKbd+ASpVfsNsRbL4PCogli97SYgF/mYn5V8TpRSY5H4jaKMGVMiF/ssUQhnnpynnFJLHA3bcqGb5QQw1GYHMWURBWI1PuCab/CHS2LhKFSuYQTJUkDQFQOY038NDSv4BxC+NIytma2iAu4UrALwZkjMZiRrA+arMVxPD3ArNYZHAVSEcBHygKCQVJGgA09+dBpwZzqrWzqo0YmQ5hW0G0EN1CkEgVK3wpmto6ssMrEghiRlJBEKp2EGN4mAYMJp7jKMTis7FiNTG2gAAAVQOQAAHpVRuDpXcbYKO6a91iASIkAkA+o1oear0jsvFwdKmt5elC16hxQamGC6h8Pf9K4HTqP+7/60FXZo0oNTDxcXw/7v0qztR4f936UAhqyai4olZSwH7mo5V6x715mPU+9QNxvvH3NWpEC2E6/Q1Bsv7moF2+8fc14O33j7mnQ7JSK9pU8LhnuMAp3MSSYnKzQfRW9qLPBbkxmX/M2m/8Ab/a3tQ6GAQKkAtFjhFySJXRsp7x3JCjl1P49DUzwS7MShMxox028P7l96W3uAAVXpXIXpTPDYBkLF1zj5QAftZmAbWBEod+R8RPchKsP5dpYFVOQCGyAT4d4k0AK9OldWOlP8Gtts02QMrLIYAEBycgjpBjx0NdtWELt/SXLO0ABQM6HlqO6W6jSlYCABelWG5OhJI6En0p7awayFNpSQO9IUd45IOYbDRtOs8qquYFWVWFuAVmEOVpYKw02nRxB8uUlWAmYgmTqep1NSAFHX+HqIVSQzMFBLSoJAYTlXYgiDHPzqH+xrkgZk1n7TconXL/cKH+RAsivSKLPBrkxmT5gu7fMYgHu6bj9ivLwW5mCyneUsDmMQpUHlv3hp50qXuG4ISK8CKJv8JuIrMWSFAJgtOsxGmux9qCFxvvN7mnQWXqinn9DUSq/sVX2zfeb3Ne7V/vN7migstUL1+hqyB1H1obtG+8fc1ZmPU+9RaApcVAiinFVEVJMbRLAKC4UrmzQo2MFiADB0/SZ5U/tYFWClbSjvZmzATlbMcu3Isq/4COtJcK1sTnDk8ipiNCKOwl5CyZBeZsxOUsDmEayNp08KbYIPw9lCJVUAUtJ21zZZgAQIDag7HlVOGTmysc5DKcxlUzpOpAgQyzGwDeMdt4xVBJsuNZJy7AvOsnoGWT57mr0sHtWUrtlCKAIBCKG5xqbqHx2qJIEvvllVRmbusSoJK94BgQYMkI3WNNenXxRI1sXOvynfMQYMysjTTziibKqRmRDqZ5TkzOsToQAQdeXhIqvEYY5hq6g90ZXPdK52J5jZY852mnaEV3LJup3UaW11IVhkKq4nUiSr8t2HIEVdgkgZGXMyhTIM8ghMzr3w09JoS9aCkj/AHnQgEqwMMQrPEdQ0+bVUlsEgkYkPl3HNwJMTqBIJjfyp+AD7eDGc5k3ZTIPJQsa/wDqRtOjHfSqGxY3Fu6ymSGEkMJaYbMYBEeI161Vny5WjEkTJzFu8mWCdOYI38jTJLQKlAjDQlSGAC5zCMDm6CPEidJgxe3ICu9dllK2roCk5onUggSYJkgqwgkDQDlqT/PLlE2b2aBLZdyIJMzpt6aetrHKT3XC5mEZtyzkCe9OpQif7Z+1VrMpUQjsAoYktrAVWg975iGQ8t+dNtBRXh2VszNaC5WLNmEECGgqOvya8wD0FXX0GZTHd7yxIAzSGUxsYCuOv5B3rgYj+nfUQQcoIJMgA76wAfeqwsws4jVgNW075gE+eutIC/FEqh7pzhV70Ce8SqkQdywnTUSN9I7gFLrDI6so1Zj3srOSu8E6KV8d+VevYcSqlrwkxAeQCHVCddiGYegmothe6Cr3gzEAS2sZWeIG5yEnzMc6PAEldNCcxBMnNBGTs1YqVJiBKGRzJFWnBIoAa2hKkzEd4hXEH1UmDzXlsLmQMSpRi8SskEqHzgKpLb6ETPTwqnEXQmZmV4+VTIYgy4DanmNPHK3WlYCniyqGChAhBaQIiDBUSNyNR7dJK8Cnl7iFlyCyPpO6q0ghwBq20sG9I5Cg7fDbrBSEJDAEGV1B2507FQBlqyKmVjQ7jQ12otjordtaLw/DS6B84EzplYkQSOQ1286DfevByNifc1JBQeOEmYzr55H8P7J51NeFMDIugdCFcT5HLSs3G+8fc17tG+8fc1LYQdjcM6LmNxmklSIcaa825HX3rlrFpAzPfDZYJV9CdYOp2GmnhQLMeZJ9ajQwGDYpMpAe+DuCWESTroD6+YoyzxW0s925qTsdYLOwE5tYLEeO+5MoxXppAOrnEkZlhX+Y5tYzgrAnvbhgup5KN4olsUuUko895gxgiO9lPzzIG/ketZomug0DNFeuAqAUuRBEFwQQSpj5vuqV2+1OtUYa8FuBWa/mLEFZAWDtENr+HSaSTXYoEaxrAETmkFtc876pu8mIWT4ToaoxWOS25D9ocwnRg0rI0MPHJ/8AN6VnO0I0k+5qLsTqST5maKAaHHJuHvgyxEMIgk5Rqx1iJ/PevfzaSpzXjBWcxBzKrgxvyEx40qBqQoAfHi1sZQougBiWGbcFWG2bfMVPodZq61j7TGdQF2zMqnUNqAWgwCBOh361mzXCaVAOcQtx2bJc7kyF7TYdDDEA/jrG0Ct8FebQtm83J69ee/7mltu4w2JHkYrpvHqfc0CDTw64OnvWhwuPdLa28qwAFJkToBMGfDTTasl2p6n3NeF1uRPvQ0mNbBF9yWYyfmb8TVWc9arzGp5qVAf/2Q=="
215;Catch Me If You Can;2002;Drama;Canada;Steven Spielberg;Leonardo DiCaprio;https://ntvb.tmsimg.com/assets/p31064_v_h10_ao.jpg?w=1280&h=720
216;Kaze no tani no Naushika;1984;Adventure;Japan;Hayao Miyazaki;Sumi Shimamoto;https://i.ytimg.com/vi/9Nl0UONupYw/maxresdefault.jpg
217;Harry Potter and the Deathly Hallows: Part 2;2011;Drama;USA;David Yates;Daniel Radcliffe;https://m.media-amazon.com/images/M/MV5BMGVmMWNiMDktYjQ0Mi00MWIxLTk0N2UtN2ZlYTdkN2IzNDNlXkEyXkFqcGdeQXVyODE5NzE3OTE@._V1_.jpg
218;Butch Cassidy and the Sundance Kid;1969;Western;USA;George Roy Hill;Paul Newma;https://m.media-amazon.com/images/M/MV5BMTkyMTM2NDk5Nl5BMl5BanBnXkFtZTgwNzY1NzEyMDE@._V1_FMjpg_UX1000_.jpg
219;Rocky;1976;Drama;USA;John G. Avildsen;Sylvester Stallone;"data:image/jpeg;base64,/9j/4AAQSkZJRgABAQAAAQABAAD/2wCEAAoHCBUVFRgWFhYYGBgaHBocGhocHBgeGhwaHBgaGhwaGhocIS4lHB4rIRoYJjgmKy8xNTU1GiQ7QDs0Py40NTEBDAwMEA8QHhISHzQrIys0NDQ0MTQ0NDQ0NDQ0NDQ0NDQ0NDQ0NDQ0NDQ0NDQ0NDQ0NDQ0NDQ0NDQ0NDQ0NDQ0P//AABEIAKgBLAMBIgACEQEDEQH/xAAcAAABBQEBAQAAAAAAAAAAAAAEAAIDBQYBBwj/xAA7EAACAQIEBAQFAgUDAwUAAAABAgADEQQSITEFQVFhBiJxoROBkbHBQvAHFDJi0VJy4ZKy8RYkM4Ki/8QAGQEAAwEBAQAAAAAAAAAAAAAAAAIDAQQF/8QAIhEAAgIDAQEAAgMBAAAAAAAAAAECEQMhMRJBBDITUWEi/9oADAMBAAIRAxEAPwDMhjHBjIw0cDA0fmM7miVYTToXgYDgxwMMGD7TjYUiAWDCOtJDSiywA4J1Z3JO5YAVnG8ZkQgHU6TH5ufWXHiasrOAu4HmI632lHeajSRzOA84lUmGpg7f1X16THJLo0YSlwGVCdhOMttx9ZboUQcj++cqsTUzMTFjP0+FJ4lGPdkZj0e2sbl1sJIi8pSyXlnFFza/WSLRubCSfA0EMw1DUXESU6KQx20mR0MGdQN/Ywk8LOTNz3HpCqPlbsRY+ssUNha+gPsZCWZo7YfiRknZkqlO3LnrOAXImmxeDVtbWJ9+0qcZg7ajQafv1lYZlI5s34koCoVihAB1Gh7z2fwF4lSvTFFyRVQa3N8wGxB9J4blN/QfXWW/AOMPSrq4vc6aetx72l070cck1tH0aY2V/B+JrWQNs1hmHQ2ljFaoIys5FFFFGFFFOQA7IqiXkl5xporRQ8Qwd76TE8ZweU3E9IxY0mL42AbxlwnxmOdYy0sGoyP4EWiqZnqdSFI0FyWkqPMGDKTSzwjiUyPCaVW0BaNRQRTHVcMJU4PFy0XEAiYZRX1qYEHyQ3EkGQpTJhRtkHw4yuQqknkIeuHMpfFiMlAkaAmx668ptBZhMS93LDmTIlF40SbCJczW6Q8VboLp4UldNxDKLsRbS46wjDIAt5HXyk2G/acrn6dHorEoxtMGxD/6t+Q6wSrSsFPUy3w3Cy2oAB73JhGJ4P5CGbzfp00JlIuiE0n0oQnK8kCchqekmwtBWvc2Itpz7y1pYVB/T9YzZOKsrVubJbU7+nOWOHUjcH9mNrqFe41sNfRtr/T3mj4VTougfy3G6nfuNYklaKwn5ldcKIKCel9R1hWHS+YEkHnb72mgNCk9iiAgsPNl8ov5SCet7aSfE8Ao2U06mUk5TqDqdrg67jaTeN1o6YfkRT/6RnyjA5Sbjk3P5iVmPUny8ydBbmTNO/CqqUzVaxQX/wB2hIa49RKCtjUd1sRZbkn7CTipRe0dE5Y8kdMp8cmSy8+sER8rqQdRY+8seKr5Gex8x8t+g1vKzDDX52+k7sbtHj541I9j4XimUI6G1wD21m24dxBai9DzEwXBqRWhTU8lEsqFVkN1NjHOPj0bcmcDSmw/GAR5tDGVOL2Om3OHk32XpMbnlaOJKRvA34pZtNoeTP5N6L3NO3mercVFtN46jxrTzDWFApFhxNrKZjMY+YmXeP4lnFhKV1gYugDUoz4MOZIzJMoazAO8iZ4804004hcSVJMteDlJzKYBRZ0a/eWVDFd5nqbWhdGtBMxovkqXMtMIl5m6VaWeFxto4kjTJhRMf/Eu6UaageVnN/kLiajCY68rPHOGFbCubXZPMPz7TBY9PHbyfDnfr9xIWWxiW8GrLRdOw7EY42sukvPD2FBQMZlCZseBPloqe35k5xUVotCbk7Ze0KSgFiVC878vSBcRxtFBlDtr6H7jSCYooyjODmHfS3IW6ykxtNBfQL/uJ+0nFFJNrYVURHfMjhX9j2McuHrAbW9BcfeVGGtm7dQZsODKWtbWPLQkdkGFwuVbWJLXzkjf/iCpxNqD5VXNYWHccr9xPRqXDkNF3cjQX7/QTzfG1neoBSSx1AsPMbnv8pkdmy1wNXxNX1XLYEqbDqCDf2mo4HxB3dalSkAFvlYL5iTpduwF/rPP6lJ6T5XRy+h0bXXtNhwHibqEbObXsUIsynezDoRzjPXwxVLVmn4pw6tVRgrjKbm2XKeW5va9tLzyGrdHYjcMRbuCR8573TrfEBcLa4H162+U8P8AEuFaliqqsNM7Ef7WN/zNW9CO47BOKcQNRVvYdu/WRcOS7oD+ogfK+sDLEAjce8np4izI3NbexvHilFUhJycnb6ezpUAUdgJNMgPEiOyBSMpszk/pA/T63mmweMVx5QSOttIxBqgoThjo0wFFecM5O2gA0zkdactABpjSJIRGkQAjIjLSUiNtADCGnGmnDGSM+HJnQCNSkbU4eacjdIBYAyTgFoU6SNkgadp1IUleA5Y5TBMxov8AA4g33hfGqznDuFOuU/TnKbBVbQzH1A6Mv1HbnG9E/OzzVt9ZGTLHiGFykgbCV1tYDiRLkDqbTcUsJkpgLyEx+BS9RB/cPvPQqCA6SWV8L4F1meqq+435X2HeEV+DMaQKWL3uWOpOnInT5TRDAC17XvA34d0uBvubRIzorKPooKHCjoGCqbglV2sBbbXU7zS8Ew+RwBoLyLh+B8xPIc+/SWlCld1tMlKzYQS0bOhTDUXQaXFvaYPH4VaNQHKcym/K3rPRcBTsOxt9pXce4OtQZ10ce46GarozXow2LwtHEOjlXDgj+kb21GvXvNwOEK9M1CPO4ANwL2BB33uCNz3lbwrCJcKylSJpUUjy3JHKP6bWyUoqL0E4XDqtKwnlH8VsMBURxoWBB72On3nrd7IZ5p/Eekr/AAgzW1a5mp7QtWmeWuumhkmHwbuGPJRc+kQYAkay24VgauIIRFIB0ZzsB+TKImy48L8LplUqFQ13y6+xA6z0KmgAsNhKfhHCxTCryUADT39ZdiaSk7YrRpEktOTRCMCdtHEThgA0zlp0ztoAMM4RHmcMDSIiNtJGjbQAyjJG/DhppxuWTK2CFJC6Q1lkTpAABlkTJDWSRmnAawMrGlYWaUXwYABCrlMlXFTr4a8VLCwQFdxDDMSWXmNRM4d5u3wtxMRjKeVyO/5moAnhyjOp6GbfA1L63vMmlIfDDrvpeX/Dq4Kg9veRybOnEqdGqwNUa7do7EoHItYX3tt9JT0q9rQ/D1rGRTLuP0NxWHVEAUWNte5kPDwcykxYjEFgJRUeMujkAbc9CJvQWj1TDHb0EnxFRcmpsdpkeAceqOj5VzuBoDYa+phFXiFarSZnphCrcje9t7W5SidIk43IsXo65hCqOcG9tIFwnFh0Ab/mWzsFUzYiz06HYysAnynmHHMQtbEqjaqND8wRNRxXH2IW457TzzxfVyWembPm8zb6EQTuQefKtlP4tp0KdZUog2CjPfm14QniBlGampW2XS4sGB3HqNPlMy7liWY3J1JO83fgjgmHqAOxLMDfKbZdOdufOXSpHNN27NpwbEPVRXZct1Fx33/xLCJVsLAaTs0gdnIjGkzQOxrTs4YAKNjrRQA5aNjrThEAGmMtJDGwApDTjGSGssjdIg9gDpGNTMPyRGnBILK1qU4aMshRubAXMtMNwEAZ6pyjkv6jB0jU7M5QwbObKpJ7S3w3heo2rlUHff2lm2PVBlpqFHv9ZX4jiTncmQlmiuF44ZS/wPp+EqA/rrfQAfeNq+HcKhsa59fKR7TMY/FseZlPVxDdTNWW/hr/AB2vpt6/A6H6MSjdjpMN4x4AyU/jABlzWLL+e0iTiDrcXOuh7jpLRuM56ZpPYodxKKSJvFJcZ59TxLoLA6HlNhwuoropA3Fz6yh41w9VYsmx/T09JP4axNrofUfmZNJxtFcbcZUzS01MsMMh3gVFtdZYUzqJynVeiyrU1RMx1JGg/MzdfDMTe3tLDiHEAouTtpKT/wBTFWtoL7AgfmURLb6XPBEqLUUqDa9j02mtN1vzEwy+KnGihFJtdrj9iQ4Txq+cqxDLsQbbdjHTdcFcVfdnoeAZQbrsTseULxOKCjWY7g/Fg9yu1r6+sscfjbp6xW64bTb2VXE8dmckbbCZnjS5qTk9PtD6jlmtBsdY0X9DCK+jS5RhEE9l/hx4dyU/iVMwZwLLtYGx/wAzLeB/DiuRUdc1ibA/06c7c9TPWMPTa/QD/wATsitWefN/BvEVoUlDOzC5sOevpKcY+mTo4+0qfFuMLV8l9EAHzIufxK/h1FqjZV5+0jKb9Ui0cMfPqRrEcNsQfSTphG3PlHeM4XQp0tb5mHPkPTrJMdxAN6duc1z8rZJY/T1wiqOijQEm3PaV9bFsdvtO1mG49+8hpr6zmllk2dsMEUiVMWRuL+0Kp1Q20BVJNTT5TY5pLpk/x4vmgoxpnUPIzpE64yUlaOGUHB0xpjbR5jbzRABpG0mIjCItDWQ2k2Gos7BV3MVGiWaw3luCtFci6udzFlJRVseMXJ0iVKdPDLc+Z/tKvF413NySZBVdmOpnVpEziyZZSZ6GHBGKt9IDeRVYWyWFzBq6RC5T48SlxLy/xiEgmZzFC0rBk5IBeprJFqWtAcQ2sIe9hLEK2S1XvJuDcOFSobXDBSVtzPQ9oAXmu8B4YOzv0sPuY8FboTJKlYLQfWx0IlrQrDLK/wASYU0q7W0DeYfPQ+94LTxHlkpxp0VjL0ky2rYYOhzjT3lXR4bQDhm0O19x9DDcNi2Ayja0ircNd9VBEW2UTX1BycLpDKyOgIt+kXuDe+0jxfDcMDfR3O539uUrDw3EA2ubSxwXA6u51ju6M9R+IKqUFAVlGXty+kixGKuN4RiaTKPMf+JRVqov2i1YtokqvlX+5vYQfErenbqQPeRNUubw7DKDkBH6wfkLxl0Hw9N8JcLFLDICPNlufU6y2IABP70k9MWUW2sJVcfx3waDuNCFOX/cdBOpukef1nlvFsX8Sq79WJ99PaE8KxhS9j9JT16hJLHcm59TCsMbCcjdbPQ8ppRZfDGNfe3pCKeJ0lKjywotIykyygkWAa8mQiBh5IlWINQYk61xBfjWjWqH9/5mrYrD0q6SfNcSoXN1/fpJqOLynXaWxScWc2aKkv8AQ+8U4jBtjeOtO27PPqugREfRw7ObAXlpTwCL/W2Y9Bt9ZzFY7KuVFCjtvElkjFDwxyk6QHVqCkMqm7HcwZFzanWCOxJvzheGe288+c3J2enjxKESU0YbQwnaPwVIbttGYnHhbqnKbGOrYSk26RMMAlrEj0vAcfSpi9tfveB1Mbvc7wd64bQmNr4jEne2VuNcazNY9d5qcThwdiDKDFUSSZqVD3ZnKqaiHVKeg9InoWMlqqNJRsmo7AHpz0D+HGGtTdur2+g/5mIYCemfw+o2w1+rt+BK4unPnVRBPHOFvTSpzDMp9DqPtMOAeX0/xPUfFdHNhH+o9Q08tDW9RDL+wYHcaLLhldb+bearDV0yi1vr7zDVnuM2x6wUcSZYnn+h2/7PR/59AeWvWSVOIIFPmHpPNW40215FU4qzGakzG0afi/EQb2Mz1TEXg/xC28aWg9DoLovcy84SL1aY5XJ+0osMOc0HCjarSHPQn5sPxFXRpcPYKj2T5TCfxCx1kSkNycx9F0Hufabas3lHqPvPJPHeKLYki+iqo+tz+Z0T/U4sSuRShrsIchlfRMIR5yyO+LDqdTWG0qspg8JXESTRSy1+PJ8Jd3CjmZSrWJNh9OcvOE8OrAh3XIvVzl9jqfpGjG2JKaS6bbA8ATJrqeZ/wJ2pwNGNlQ6W1lSPEq0Uyq+duoHl9+UBbxRXIIXy36bzobxxVHEo5pOy7xPACo0ue0zmLTISGI9NL/SQNxfENoXa3raCshY3Ykk8zJSnF8R0QxTX7MnWrrddIUMc/Y97QahhG5G8k+H6zFNoZ4ostnxAXQQCrUJjWuZy1t5BuysIKJ2mhJhKeW0DFe3OMesb6zB3stMXjrLlB9ZTnF73MixNSV1WpbWUi7YjjSOYzG+a8gGK7ytxL3vI8PVvGoy/hosDivML7Q6vhA4JUjf2/wATO0aloXTxRXn++kE/jCvqBcdhyp2lfUMusZi8+4Hy2+nKVLrcxkgYMs9d8D0rYOn3Ln/9GeXJQ7T2HwvSy4SkP7CfqTL4es5Pyf1QL4hT/wBq/oT9DeeT4lLMZ7HxKlnwzjqjD2M8bSpnQHmND/mblQv47pMSNcWgOIoX2kuciNNeTRd0AnDmOSnaGO43gD1JqbZjSRPniSDobw3DU76nRR9T2ExmphuGUDU7D3PSWPBapOJS/wDqQfVpVPW+QGw6CH+FRnxNLu6+xmRWzJPTPaMR/R85434yU/zb/wD1/wC0T2bEAZdZ5J46on+aNhe6KfpcfidGT9TlxfsUFNpKjR9DAu3K3cyzwnCRu129h7azlbX07kn8RXUabObIpY9po8J4eRBmxLkHcU0tmPq3KGYaq6JlSyL0QAX9TzjTSzG5uYvuK4HmT66QqWL+H5aKKgvowF3t3Y6yOoruSzsWPcwl8NzEmWnfeI5NjqEVwAXCmSJhiDLIptOqmusUawJaHO0lTD6iFuw5Tl73moLY4YPy6G3cQd6LX3EIBbYR3wjH6JsgxCOn9dNl720+u0Ar4lGNgZbYfjdRdLk7Xvr94nxWHqf/ACUlLH9QBVvqIeYvjJqc49RnXa0d8UEaywr8IovcpXKdmF/ccoEnCHubVaZHqR+Jnj/SiypgdZuXKAV9pcVuEVgdDTI7P9YNU4NWO2T/AKhBRYPIjO1xLXwjSw1Wp/L1UIZyStQPYjTRQtrG/eekeG6eHakqvSoq6CzaIb8s1+8tl/l2IVVRmGwVVNu9wNJ0RjRyTy3w84494SqUGvSDVKdr3t5l7MB9xKB6LKbMCvqCPvPaRVObKqZjzN9AOl+Zkj4UOCrqjDoRf7zHjT4bHO49PD8hO0emG6z0ninhLDAl1LJfZFsRfsDtIKfg5HAs7g87hbemkxQZX+aLVmGo0hPWuCJbD0x/Yv2lNS8F0lPmqOewAGvrNNQoBECDQKAAT0AtKwXnpz5pxmkkD1Kd0I7GeCYfC1BUcIjtZm0VSdLnpPf3UctfUm0rMTV+GBkUBSbGwGhOxmyakLjuJ4viKR/0lT0It9O/aAMJ7jRyvbOiHX/SN+sqvEPh2gzq5pIb77re3XKYjj52WjP1qjx1kjBSnqtDg1J6iqlNFJ3GQW7AdRzJ3sJocVw3CYSlnakhI0/pXMzHkPnNW0ZKXl00eJLTCi7b8l5n16CE0MLVfUI5HKymwnomAw9OpiDmSmFsTZUUC4IG41Ot/wDp7w/juINlpoLKb3tYDKBoPn+IknQ8LbPLhwyqxtlt6y74Lw96LpUBF0NwLaS6+Bl81haTIdJFzfwv4X0IrcVxL6FwB/aAPeVrUMxu12bqdTDKYOYgRE2PeDlJ9YRjGPERpSFhCKdEcuURtH5wNRF8jejhpdLxyrYxorgc9DGq/eHkPQQy/Scya3iWuLR66nlaHkz0PGmtowvedLcuU6yLcG8PIWSJT0jGTXSErVUDWdpunrN8h6FhqZPKF5J2jWAGkgqVmJvH80idtmfC2I3k+QbxRSL4VXSGnQ1v1Np2pTA23iimAOFLS0aVsPzFFNRjCeDcAWq+d75b6C58x/xNwtFKKWRQvoNz1iinXD9ThyPZNQp5VHU6mPZrAnpFFKrhF9AqFHN5357Q0nToIopiNZDWrKo1+kCp4xXzWcWGhsdR++sUUyXwfHFbGfzgZSAD5TlPfvB86MWRuY587/mKKKyiSsfTXLodxbX7SPjVa6qLa39rc4opkuGw/ZFPQrebOmjrKXxnxCq6ksLKGTLbYW3PreKKTi2XyRRWeHuLqXKq1yFUW56XzH6mXr1jU26Cx6fu8UU2YuMExBdRYi+sjVmtpracik0VOpXIN4/MW7RRTQGnNGK73sTFFACRjvrrH0hFFBAyRiB6SSntcRRQMBXxLDkYhxGKKaaP/nRJKWNUG152KYaG4fG30hJcnWKKaYf/2Q=="
220;Barry Lyndon;1975;War;USA;Stanley Kubrick;Ryan O'Neal;https://images.mubicdn.net/images/film/450/cache-37089-1675236769/image-w1280.jpg?size=800x
221;Monsters, Inc.;2001;Comedy;USA;Pete Docter;Billy Crystal;https://m.media-amazon.com/images/M/MV5BMjE2MDU3MjI3Nl5BMl5BanBnXkFtZTcwODE2NDc3Mw@@._V1_.jpg
222;The Grapes of Wrath;1940;Drama;USA;John Ford;Henry Fonda;https://m.media-amazon.com/images/M/MV5BNzJiOGI2MjctYjUyMS00ZjkzLWE2ZmUtOTg4NTZkOTNhZDc1L2ltYWdlXkEyXkFqcGdeQXVyNjc1NTYyMjg@._V1_.jpg
223;The Maltese Falcon;1941;Mystery;USA;John Huston;Humphrey Bogart;https://m.media-amazon.com/images/M/MV5BMjA1MzAzNzQxOF5BMl5BanBnXkFtZTgwOTc0MjY5NzE@._V1_.jpg
224;Dead Poets Society;1989;Drama;USA;Peter Weir;Robin Williams;https://m.media-amazon.com/images/M/MV5BOGYwYWNjMzgtNGU4ZC00NWQ2LWEwZjUtMzE1Zjc3NjY3YTU1XkEyXkFqcGdeQXVyMTQxNzMzNDI@._V1_.jpg
225;Donnie Darko;2001;Drama;USA;Richard Kelly;Jake Gyllenhaal;https://m.media-amazon.com/images/M/MV5BZjZlZDlkYTktMmU1My00ZDBiLWFlNjEtYTBhNjVhOTM4ZjJjXkEyXkFqcGdeQXVyMTMxODk2OTU@._V1_FMjpg_UX1000_.jpg
226;The Terminator;1984;Action;USA;James Cameron;Arnold Schwarzenegger;https://m.media-amazon.com/images/M/MV5BYTViNzMxZjEtZGEwNy00MDNiLWIzNGQtZDY2MjQ1OWViZjFmXkEyXkFqcGdeQXVyNzkwMjQ5NzM@._V1_.jpg
227;Gandhi;1982;Drama;India;Richard Attenborough;Ben Kingsley;"data:image/jpeg;base64,/9j/4AAQSkZJRgABAQAAAQABAAD/2wCEAAkGBxQUExYTFBUWFxYYGRobFxgZGRoeIRkcGhsYIR8iHyIcHiskHyEnHhshIzMkJystMjAwHCE2OzYxOiovMC0BCwsLDw4PHBERHC8nIigvLzEvLy8vLy8vLy8vLy8vLy8vLy8vLy8vLy8vLy8vLy8vLy8vLy8vLy8vLy8vLy8vL//AABEIARUAtgMBIgACEQEDEQH/xAAcAAABBAMBAAAAAAAAAAAAAAAGAAQFBwIDCAH/xABKEAACAgAEAwUEBQYMBgIDAQABAgMRAAQSIQUxQQYTIlFhBzJxgRQjQpHRFjNSk6GxFTVUcnOCkrKzwdLwNENTYmPhF8JEovEk/8QAFwEBAQEBAAAAAAAAAAAAAAAAAQACA//EACERAQEAAwEBAQEAAwEBAAAAAAABAhEhMRJBUSJhgTID/9oADAMBAAIRAxEAPwC7JZVUFmIUDmSQAPmcM343ll5zwj4yIP8APHnH67lr5ao7/WJiu+1HFRFEZGVH1Mgj12QCLJPPkBRrldHGbdNY4/Sx/wCF8vV99FXn3i/jjD+HMtV9/DXn3ifjgD7Pdo4c1F3LBY3SjQbwN1teo5HatvUYrnOzyQSnLr4jC5YE1R0yFlIAA5qBtdUNvPF9GYOgV4/lTyzEB+EqfjjH8ospufpMG3P61Nv24o7hrCPKztF3aTyASd0eQ97ZBYII3O99BgbyoVXKsQ6TR+OmGxVtVkiqIIu+vqMFyMwdKflJk/5Vl/10f+rHo7R5Q/8A5MG3P61PxxznwPLZV5o27w6xQKOtJI3ox5WOanmQa51hk/EHImRFEMb6hoQDSVLGlo+V88P0Ph0ye0WU/lMH61PxwvyiylX9Jgrz71Pxxz2MhmJYgx0Ohi8JGldDoWGlas7Ne/KmOJrh3CW+iRozOrIDJpZaUkMSRZ3DX1Ox2xXJTBdH5TZP+VZf9dH/AKsZDtHlCLGZgrz71PxxzBxqR5piyxKukAAhB4gm+ok8z6/LEnk83WXZXiKgoQFXbU4oXtyNHUWO91zAGK5GYbdFflNk/wCVZf8AXR/6sL8psnz+l5ev6aP/AFY5ii4fJLOLUtqNkEXaqOt89h1N/HDrjeVgMCNBHJGQ3jhIJAJsBtYFtVbWb3wfRv8A83SX5T5L+VZb9dH/AKsL8p8l/Kst+uj/ANWOaMpwRnqZoo4YtQHeSyGIGzdgOxJobAeXnzEbxXIIk7IhVkfeMq2xBJCi6O4Ir5euHbHy6r/KbJ/yrLfro/8AVhDtLk/5Vl/10f8AqxzVlspCoWIIoYfnJDvbHY+gUegGHE2Z4dCsndRtNIF07gqpJsEggXtZPIXQ32GNfi06OHaPKfynL/rY/wDVj1e0GVIJGYgIHMiVNvjvjlbJQL3UuXk1RS1aB/AGI0nS2obcrHK9t8Y8NeQo2XiVyz94xVa8arGWPSxQQnY+LUfIAm18urxxnL/9eLz/ADi8jy64xXjuWJ0jMQ2TQHeJdnpV88c65DiLToUjOZtdKCWP7KKtBibBUBRy328ybxO8L7DwRiHMLntciywsV0jSxMi7DfVvRFnyPydxfK/8LHhwsTKN7RLcDD1T++uKh7QmIwxic0EICbWCStnYEclqt+tdcWv2vYjKSkcwFr+2uKNiyOvLhmYKsUhPOveAv8P2YxlOuuF5W3MsSuqHL6gd2McbEaQfCxBsiiWHpYHxg8znWkVmVT3j/V7AtYKsBzsgm9NDn6dTTgvEVgQrGjhpBohkJYeItYB1GgCeorlZ64kuI8LjhhkIcfSZrlofYbSNW452STe25r4520q+DKSNpSN9TCyybqfCTe7AAbX15+uHeR7Kyl0WRgNatqGpfCCCBfi+f7MYQyTQJK0e3e6Yy5Gy6mu7PUaefLE92ZdIZEzZdmiXQkglZ5gWc+LZUNfVrIQTtqVd/NSA4RwmcTCFFCstGT82WSuvPr0G93h1meCzxlpJiqqSaLMoZietE7fPE9w/LPk+MyJKmuGSQgyFQ2lZt43BIOnSWUatuRwU5iSPug0vdM+VlMWYYoviLr4WHQ0dt75Ng0JkHuFcaZI0BChF0JrJGkFFCqNmq6W2H2r+GHGT43JNqW4Y2V5WOp7BElkitW+/h0noTh5M0IzmYyckY+jxwtINhpRVSNkcbe8X3DWSSxG+wDntfAFgzLJGjuMtEe6VFVoyw3mUgWQpuwPnhFsAydoppjJEFymgK2tnk06gEZWNLIzDYseX3Yk89kc2qHMQFGeVUWRLUMugICR9YULEJTMCAbtQDvhr26y2YMmXWCG7ykMpCxR0JBq1O1rz5bnz9cF/G8sBm81FLFGMmuWZtXdqBE4jjqjp2Ym/COerlhqiv+L8fzCySMyxJI6laEgAAYVYBl02B187vrh7H2jzkbBhDlS05Etu520knrJQFnpexG+MexIDcOzzEaShhKssaMyEsdWnVQ35VYGJnIZf6SM7k2AU1HPlnkRInZFC3qCoNOtFDctjZrAdgztPns1PHGkywDS1qRIlggVX5witya8xsBZ1NV4CzGF931G5b0AbWdmDHbwmyd+tYsvNQM2Wzjv4AJIO6eKNHdUsruOVsFBIvriKynEI41zMWdR1hnzBjSYRCN4VaJSjkBRp1LpZloDc7cxh98Z5L0FZ3iUs0rzExWSdKK8VAC6DEMC23Uj8MaOE8IeRwEZFA0+LVG9N0FB9yAL9d8WDwtZU4vDknaKWJBFrYRx/W3lzXS9JNt1Fnc8sQnaswSBj4oZoA+gMpTWFLnbUPrCDfy25YbdKdRXHpMzLJFFNGZJEGpQtAMvMmwPtcyOY35YccFaNc0+YliYGEeLL9AWBRUHu+HTtW+3niGmzLJ3ErSKx2IWlkMSggjZhWq72I22+UxwrtRJHFMY8vGASgeUAIFUEgBVAvqSSp5+QwGoXh+aky0m8ahtJYxsGK7jUtDVy2G+/l54muyEGqeKdlJLTLdI9KC1Br06TTgLsdufTErkuOwlEzghZ5Vfu1X3vEVBLDz8Lb7cyByxs7J8VUTxpNlkikN90wjeKtZAIKnZjypqHX5uhvjoc4WPcLGnNEdqa+jPZoWlnyGtbxVv1YDx2vjQkoQxJU2C2y89r89uWLQ7VyRrlpGlruxoL3+iHUn9mOfs1BPNmDocyB27zSpc3q30kBd6sg7Vz3rGMpXTDWupbjOR7psuXChGBtI5GGoA34io1FwCaWvFdXtjHLZRBmFiZjpI+rSFg552QS4UaV2Y+RNC6xHZ+EtFpRI0MbaZFWIIyElyBfMgsWoXzB8sMDxaNDEfzksZbUzlgptlIHgKkgUeZN36Yzqum4Le0kOXS1DSMrK0Sxgg1JswOge8TV2DflzwK8JzE7o8Sg6VWyimYVTLvStWqx7x3ABw/yMEuaBaCBwNk1JI1Lu3iZnYuaB3o70B1rDbiAky086Qg7BVJJb3nUWABtZOphfQHCOf0+Myt45lsjSlyyy+NR7xjctRPUrf78Mcnl2ZHs+Im9zL4z4qY3J5k7n9I4k8o0j5J4TC0jKkp1aozp70wmwt6wAYQu2519MPshnVkWOWTKxbqBb1ZMfdodKiPVf1bUSdNuwYnbFIv+EvH5INERiqwAg8bJYoWtHxC/LqeY3w0l4hmJJIcwFoLJokIEikaqo7teggqdJFAg/HDvP8AGg/cA5WxHMNNFvF47MbAoDVsthb33oggDcc9skRykZLR693jBc7ENYiPiK2+9C2NjlcP+A2XjsrRSJqN6i1mWU7A7AHvNXy2HXBZwvOStlgsw1MEFhy5vVvoIdjZ0sAburxEd7Ll1LNk4ZI9byM6nLm0mGiMLUZKhJENGiCdQ0gEYl+G8ckkgJOTjpQCQzwgsCtM35mg2qFm0tRNnn1bNxY3VMOGRZyAFYEy6x2zaDJJqrmSxViOWxN8hiG4o7Syd8YqRVPfNG5k0gnS3jSYAgg1vyujsMTf8NpFonXJRJGe9Um4/rCYo0OphEHUC9RFjV3hx5nuK/RW7v6CljZxrifUNUDlXAgor9XuSB+dYg3uSRWo7spmD3wgPex6FZmUtKoYA2vhZ9rBHyF+WIbtPmmR2jYF1chxqlmII25gv7wIq/KsEmU7RoXiK5L6xTEpYkAsURE0l3jGkELVk6aYeEkXj3jPanKq6lckJVpJCXEabEKaP1JvUNjv6eYLPWb2AxOLbroBVgAo8UtgcgNQkBocq8h9z3geelklKJYVg5LaptjpJs+Nj6mt6xKK8eaKsYBl0hBBYEAsHjRQPBEm1xu9m/fasQWW4RLY7wFLj1oA0YNPrVSNTjYMpBHMAHzw3WhJTvi2QeNk74Bu83WRDqV/0vEOZHP54RJWQ5NYy7OzR6QzgsXYafCTWsbVYAFm+WMchx/MJFDEDtchQsobSd6ZNQIsG/EPXGviDybTsSWJ1LKoCvrsjYjSxplqwCAd9sGmt3W27s72mky2oKi3q+0DqXYDSD05birNAHkKLsr2qOYmy/dRrJIWAm1d4xRS6BmReSUpNty5fDFf8S41JmGWSUl3C6Wc1bAGwDQHLffnv6DBX2a4XPDKuYKHu5Poyh1oLUkkIZTXWyNuvPGtDfHTWFhYWFzDXtF/i7M/zPOvtLii+G8QzGXmOhpQN2UJvqU6SRbDkQaJo0T054vL2lPp4Zmmq6jJr4EYoIQyz5Zp2cokK0oLDxWbYKp3q6JPnjOTeH+hx2eiEzd8qt3gVzMr0XlWk0e6AjX4uS0NdUDRxWkXB9I+sNEH3auxQIsjqfLngx7JTpBI8rNKJRH3IVXEikTMBrLALzIACJZ1AdbGGPaXg6RQDM5SeN4GEbd3RDJq0KTuzE/WNdE2NXM1ZpDlescr2hY6YctFLaclGphqO97V8BfTD3s/k83EJSVRzPcrahMxQsJIxfd+6WjkkI5kaBy2wJ5LiIRWcRI5HItroWDeysFP9ayK2xK8B4zPK8MIkVSpTu2CqSDGGC+ppXcb8wWu8ZsPogynF8zBI2uFS0k8rBjGy6mLqxoagCPqlI1bgBt+eN2Vz+eaOVjEPq3or9aXFvIxH5y7Bk0kXuD6A4b5vPRtmIsrEyaoNu/MYLB2JsKNhppm2IoatgKGJPiGWzGW+lSGXvdXjXSi2GXvFZjY2/N7rRsfPFLtWWHcwzEsUE4SNMxGUlQsXI1kZdGARSWIKBAPPXsd8MMxxSdMokRVFZQkay6ZdAVu7AOvXq3pDq5GwDzwx4EmeeaOSYlE2OpVjugIqAIFrfdxDpVJ5i2Ihzj5domdCECByqUY/DBJEAfCB9gUAANIAxa0vUxxJsxkooSpi0RCOP6xZCzOrSNYCmlHibegaBW+hkeHw5tYwJjExVhHrJmJYESqCxNeImcjf02oE4Gcpk85Oqx5h2120uhkTxEOFFFRR1NJy5WTfU428bTiCxxvCzBdTa2+qAVFSMRkgbaVUOwq6G4rbGh+HXEOIZvNKVigRYXUl2lU8wykkBXIJvL3uDybBJw/iGZYuZkg1qwJKd9vpaQ8m3XxQE6d+f3BvCuHcRRijMypEQioqxMZW+sNAtRoh3ayb0vyF2JvheZzUoJsEuWYUE2RWlVibXbdz1JGoXVizZ1w34/xTN5bSYIXKx07u5YqERYFCkawSynKWzbn3uXitpl5c1IpXMZcyZaVEUqhlBj0xrpo6/dK6SVs2TqA3329rctm2jQRv3iuH73SI2NO0yMLIH2jJZH6ZJPMhjxfiWehVoqgSAKiFtOpdSARqSTTavqwdVGqFeWLYkEgzeaZ9AygCWVDd62mm75TqBJuu/cm1NGuenED2lXLlw2aRYiyugP1klrrZzpI5by3qINArtiI7R9pMxDoiSRmaxIZm0EltwyqAoAQsdR2s2b5kYhj2lzEpCM4Ysyrq0KGr3VFqASFvYegHKsK1qpDjvBjFl4MxC6NEg0691J1OdPgbcmjuRtzxBZzI5hoxm5FPd6giFuW+oihyC8/IWdsGnC+ILC7wyqZMtIQJ9e+kuRpbnQoA6jt0PMYIj2YXOZcwQTqsKvYBVmMbLI5IA1C6BVfESAFNYRf4p2PiDWQSaNA15CsWf2S4glwhz4XRUF174K0N+odAPl88POH+yLKKQs2Yld+dKUQEA9FIZq9b64hu1cEMfEsuuXcGF5oGCI4Kq3e29KOQJo3yvUOYxqUR0bhYWFgZDHtJUHhuaB5GPf4WMULklaRBBAJJHZJAU1EgCvCdIUaiPifPasdBducwI8jPI3uqoY/AMpxz3wzPxiUzQ9/EbJ7yOMaYzXug38R/W5eRZtvG6YdnuIvlke0FuSsgOzKnhu1FOpUjUCCpF7HE12lzceay8rRJGhUxv3YV01LQZnGpKaRq5Bz4R1aqY9qM99JWGV7acLplkFbqpatYU6dZ2bkNq5csMcxmZXqEArFGFC2qjWQAG1SMa94EAegHPFs2ce9leFtmo5o444wFWzI+onxEaVXoN11cuh88FPBuy7ZKCTMkiTMFGESge5q5H4+fl9+BLL5iJIxDE0okMneI0ZJpgFHIdBp9eXTB92D4hpieTMkM5LUZQqlFjB8IBAUcnb+zjFlvGtzHqvsvlZDKFdCTK40ncaza2QRR6g3g07Z9zokiXMGJkaQ0e8+sYGfw2Wo6gV5Dmx23NRfa3jSTPBFCQ7lw2tiRVnYAtyB5k9BXPBNnoXnQxzxXrRmVyS2hmaVqGwrT3tKeoTfnh10b438A4lCsCM+ZLNvbEVQ2oGjQABP9nEPl48q2bLrPs/ONi4AKayG8TjfZdI+ztVDlCfw19HYQy5WADSgJUAa6+37pHivlW2w5DeW4b2shDI8OVgEr6y0kulQosbAqCTfLffb5YKp/pt4dwjvpHlTNTQgaSFBLsCygsitqbxAhRW45HoLb8Q4mjssEGZAQ6lpVYMixxuym2YC9Qreq19d8F7cQWeDv0gjM0e7Ku96dOvSQPFa7rY+1W14rni/FlSdmOVQB0OtWFaw8kch1gqd7Qj+td7DDFZT/KNHZQcTkq9QtHtieh31AXzs7b9DeIhyYJ0MOaaWMo5I1OlEqwrTZGkM4IF3erbqXGV41rnastHqlRgVJsPbrICfDz8NA4M+y5y7Npky0KGVXA8K1R0UpbSDZokD086wc2e6A+ZaV8spy8kpKSsmlZCoVVUNYBIJtnPI0K5WbxHEZoSjLmeQs6BmBlJVQwJINsQdueLD/hPKw5h8usMMYDDYULII1WOuqgCP+0YjfadkMukUOcgUBmqEjlqAUkGujDTV+R9BhUn9BiZQxJJBJMjJIuoFHZlSRGGnVaj3ipTw318sY9nuCSCeGZ0+pEgJcEFSACdiDudrob4YLDIApEbsWYrGmhiLUCwtcz4ht64lezE00krJIWEcZDOANOlgSBYA5+8D6Xhni5se5nh8EmXGdTSsTaY5IywCz0dKOtrayKxG450eY5xPDMpPlWfutaaqrSbKggWPLy+HMYx4znss8kGVmlKZaFFAjRkUa7YNqsE7bDbyJ64g89xqdJfo2Xld0/5DNpcujDYDY7kigBsTtXLGsbJxnLG+pHiHaSOPLyNGhadzUjsKC6m3XY7mhub5VXMnENw3Nd9mcqSyJpeFgguhcyjQg6USdug6msauI5n6Rk1KRsWjde+ZV2UKj0xI5WDzPOj5Y28GyenMZPawxjYMATQEgO/QAEj+1it6MZdV1XhYWFiYDvb2aNMhmHlTXGqgun6ShlsfMbY5u7R9rJcwYaVIo4kpYY7CCzua5f8ArHRPtQ/ivN3/ANI/vGOWI9GoGXVpH2V5nltdbfdiKSyvaJk30pyq6o/sNctsY95KrtKutE1C9yPE6ltJH/cNR+F415jMwMKjjKmjp+N7Amra/wAOeNxz2kP3gLq52DblTHagHfYhdh5V8cVMEfY3s5mGU5xIlktJBCutFLSHw8iRS1qHMHy2wu107PFFrsESKsinoVQjSfmB94ODf2bdooHhiy+keHUFYbEG7AI+DUPg2NfbXs4wkdoykvfwsn1i+IPvpII21CqDHl5nas7b0rfKcOMsU07d6AmyMqFgXNbMQbHMDkefpi148x3OWJcFikAq+jKou/XY8/LFW9l+MnLPUikxkgSRmxup5+jKf8xiw+0+eVsnM0ZV0kACEbMralDCuRtSd18uWCXV1TcdzcV8+SzGbj78m2UeGIcwgPTf1vzwuH5ANlhmPE6pKwobbVGefx2x5wvMRqh1ZdG7t+8EniB1UBTEMDpoWAOvxODyDhJWOGFbYyuZpI/0QaJWug1HrgtvdtzGc0XBuNxZFky6K2rSJJXFuXdhZXnZCrQFeWHnbDMQZ2CYqmqRI+8ikoFgUNuljlYFaSeZ88Ns12Okz0onTuwEfYSXpbQRtQB2sEH44JeEdnosnGUGlS7gsnIeIFWCnmw8W19FHLGe+n/Hz9U52fzSQzxzyKWj3Rq5qaABHmQCDXXfFg8U4p3OVm0qpuNmVgAbJB0nfpZBHywKcW7OGGU5dgVB1MrHfa/DR+6/nhj+UEkcH0eSMN3bENfMIQQVHpvYv/PD+rXEfk8pK5tb1uSFJidtbqAStgGtiLPkd+uDrszwmPOZeD6SCTrZtNsK8WmjR32Qf7vALBxWUKypO4BYFUthd7dDQ6X57c6GLS4RkO6kggYeClLXXUFmG3TUSPgMPVdTxWHG8rNl802XRpGZZG7ru2ZtQYmtIHUjbbywbcG9n+aiy7Zgq5zDBicuHCkncqWYHdgTdAgjlfMYlO0vaLK5POyPJBIZlW0YUAysCygNdgWaJrz8sBkvb7OlvpPeug1aVVb7v3TSBTYO25ZgT68sa5XO2l2hyQgVGdWj1xtG3fCIyEOdQ1quujYPRW5ct6y4FwLN5nus+wCrFQ7xiyd4oLbxhBY03V0Adt9jjLiXaTL5uBp8xr+kahUcaJoYxiwzatwK2bfethjzJ+0bMvl/ozKslbWurXoHIXdNVDci6B+OLQ22cHySxDMQKL+kBEt2UsxMigaQByAZifj90fwXJlosrJYkMOajRwDvFcgAvzU7URY2Hnjd2Sz4Ev0iRx4QRpNALqv39X6WnkOnpYxrgVo8+JlmidJpgGVSPtyCkKryKgqR0257YWt6nHT+FhYWFwCvtQ/ivN/0f/2XHKmZbxHHWnbnI9/kpYdWjvQiaiL06pEF11q+WKy477O8tFkmSBjNMASsrlbDWpKgKKUNpoXZF88WzJtT2SpZFttIvxNp1aR1IB5kDkMO+MwssjLJq7zwFxSgBtAsUBsQSRW1dd7w2yEZ71W0qwU62VwSpWPxMGA3IpSCMLPv3k0jGRm1O7F2BOqyTZJ3JPqBi/T+JzgOdjhTWqyCcPYNjQ61t6qyny5hvTBsvtASU3LHJEuwL7Mo2NE9a6GgasnFZZLhpkfuw6ilJ1HwqK3tiaCr6/jhvw62kQNbAsAVAsmzyA63y+eCyNS3i2c/2LVkzMghLNIjFZGY1G62SygDdiR+lXPbfAT2VneV4IG9xZhJ8GQE39wxZkXGZYYQ2hmjYVtRHiG4N0R6HcHkOWBDhmRjystF9b1V1QA69TufPGcet2XGhLhEBeREJoOwB3oaSwu/99MXBxbLoIHeOVY5njrU7NThbFA3a6iLv8cAXCuATLmCUCMm+liQOZ6jnfpXXbFnt7PI5XSTMszpGqhYVNA6QBbkdSRdLXPmcGUtpmWMnQh2S7aPl0COAFvUoOuxq3IsA2LPPErnePnNSLspEbo+24FMQLbpqYEaaHuNdYjO0fAM0mZf6NDE8UgGkEACPcErsRtt1B2OLK4RwFBlFy8oUnSdTKK8TXuCeouh8BtW2K4KZyITiOeTM6oQtTxxiRTW5FkMP2cvMjFV9pMqDmNX6SLfrzH+WDjivD3yOeWZiTCyV3h5GpNR1VVGq2+fwCO12aRsxpQ2ttVcq1sRXpVYJK3LPUfwLhqvmAr33am2ogGvn6/PFm8V47CixQEsr/8ALZjfppLUPMHlirfpPd2w97n02+/lhhxDPSSkM10LA3PPa/8ALDJbdnLLGY6XL2uC5vhuppFSVOgG7gc4yedGr8iVGKxizEBjSJszOYjCNaBLAls/pDYCxRF7g74McjGRBNrshY1YHztTY+OoftwJQZPJHKyd3KZc0FVlV1YEgCyFVqB2s3uRtV43lI5Y3+BaIqUr7R/Df9tb3hq21VtXMi99/wDfLEpkcuc1NHGmlHZkQEczqPOr30jcnyHwxanG/Z1w7K5V537+YxLZHeBe8ZiABSrsLPTf44XP1UckU8iNPocxrSO4DFRVEBj8xz9Me9nP+Jy/9PF/iLiYHHKlconcZeT6t1jAIMarRUBgVLHVZYgtbcxZvLsN2alzE4liKmOB43kZrXYOCANjbEDl95xCx1jhYWFiZQ/ajMpHl3klOmNDGztRNKsiEnbflijuD9qWSaSOtcOqgV31dAR/OG/zxbvtT/irN/0R/eMc85DP/RNL6QzI2pA3IuPOhuA29X0GCt4VO9up4IS6Jl9OYliBZjQMYkIu1P22TUDyNNeASXKFQA+pWO63RUj4j/K8TnaDPnOztmZVAZwBa2L0Kq2ASeQ3xAyRungsFSaHlfz90i/34YL074dwuSSKSYBisZCswF6bB5+WFw/h5aQBpO7HNXAJsjetiKOnUd+q11vBn2S45JHPDlcpG09IFkrk4rU3UAKHdwS21afLff2n4LPlu/c5JTA8bDWr6wgYsF12oPgJsEAVSGzRs21cZP0J5DjckatFHKxiJ2R7IIBBXY7Kdr2w6/hN2fU/MkgsORNA7Xy2OBcQkjmD6Xv+GJfhMd/Vb3YPMVunw5j/ADw+KW1YfZKFZcxEAbpgx9Qo1D9wxasjgglqHqSRir/Zll6nY1usZI+JKgj9tj4nyGLJghO7MbY/sHp5Yozl6wjUFrALepuv27/sxLQSu3MAfuAw1iG/kP3Y399qIVdl/acVZauM5T6RC8V0SLRqU6WHIgMCPvHXFIe0bhvcyI6kadWmj7wOm9xpG3UYvwrXLeueKc9skMhzUESKCrqXXSN2eyG1H0G/oGOB0wv4rqWTY4bNk2YF2ISPfxE7EjmFH2m26fMjG2dlUeJSd6qyAT5H09OuFlMjmMzqlRe97urQEWBW2lOZX0UfLF4rdt/Ce080C92hBjs/VkGqJUkeVHRR2OzP5nDqXtFPQcOiuyBCyoinQNlU6VoVVCjyryGB3OxMCLVlNbqwIq/IHpj2FQdtdCt6G3/vDqCZZRJ5DXE0E1d2AWCkWC2kbtZ5k66sbDT53gn7T9o2zEMqBnC9yh0PXNXj3FE9R59cBfGMwXKHkqRpGq+QUb/2m1MfVjhpHKdht5b8t9t8KmWuM5CTGtsT4nOkg0LCC76k1X9TBF2R4kyiGEXpfNRF9jpvUmkHyOxI/m+mDw9hcvJkBD3ifSIUJ1FiCkj2+l6GkBjtR3UUefOuuz+ZkWfL5Z7AXNxkxlV8Lh1U7+9fMVy2HljMu1r5vXXmFhYWFgNe0MJ/B2Z7y9Gjx1z06luvWsczycT7wIxRWCE6YzuPFpu7O+wHxO+Or+Ln6v8Arx/4iY5M7WwmPOZlSAD3zsNOwCudQoeWlhialsmizjRsthRHdVpHXpy5jc9OQ88KDLxq6OW7xCwOrku27qy1YYi63++9ogSGxv1w/wAvkswI2lCusOoK8leEEnaz/n8sKi8PZ7w/K5bL95FpLPqZpCRq0WSgs8hoA5cyCcQftZ7ThsosULpUrANTHUVWyy1VCmC6gTYsbb4Bsnxd1hES7gLp5lQwG+9g7j0w3g4XPm4maNATHIbTfUSVW/ERR5Dwn9t4NVXQfGYboa+FD92JHhud0kFq8wdzyPWt+YwuAcFOYzUeWZu6LsVJZSSpAOxXY3YqtsWX2w7HZeDLZcGx3P1ZkWgW1nVqIOzENrOm7q66DFVj689n3HoVlkoMzmPkAQKDLe7VysHl1PlixnzZ0GR3RIwpZqJOwF86HT0xz0+vLytoenU0HQ+TdPQr0PnvyxYvYrPz5yKeGXSUAQcqsEmwem4HTFGsp+pvMdrnZVdIqgui7Encfp92G0jbkeeJrhnbbKH6uSVYZBs2thV/9re6R879MCE/YfMRSBspOUU87dlK+nh98fHD89lFjqSU99N9uRugsch+zBq76r82cH2YyyhQ8f3g3YPX1xXPtZzql8qVkQSxNJrBbcK6pzoHSedbffif45xyTLZPMFR9YkTGOtwDyv5cz8Mc8SZgsbcszXZJNlj1JPMk+eNaZl1RdwnKwZrOMs5ZIGLyPRBIF2AWF8yQCw8zy5i24+zGVgI7jJR0w3kADlR/XbWSfTFEdmJnGYCxCyyspHmCOZ9AaPyxfGV7W5Ri2iW9Fs1BipGwsNVVuN+XyxjLjXb2A/t32Zy+bSXMZeWp4AFZS5YMFHhVgd0auRO3n5inBE1XWLN9qfGZIsyRCTEWjAnaI1q8bgBiPT570cV/k4Xc0iFj5X0H++eHHwZQyJaqIPI4m+zCaA+ZABaHURq3CkxTaWo7H6zR8CB54ZwZhBKveLceoa13vTtqrfnW4+GJY8Zly1x6FMYDKljZ7sWSOY0ty5/m7vSDiv8AFjJ7UpwHtsxgOVcABiTr3JYnz/HDPh3H3fORARouqeEMzKGewyIaJHhLAb0LO+++Pct2QkZGzk00Qi0s+uNlcu4PuaQRTE2T5UefLEH2XRjm8uf/ADxEkn/yJ58zeKSfjWeeVxkrsfCwsLC5Izj63CwvTbR7+X1ib4529pXCHlzMk8I1oQq0FGoBEC3t7118RjoDtkaykvP7HLn76YCYOyjyp320UnQA8x5NtX+YwWt4ya6ofI5BWikldytBhGAL1yKY/D9z/Ln03lexfFymcRZN4pfqpEPulWFCxyNGjiI4rxAyzSSNsWY7DkBy6czsN+pGNkebh+rKxskgkUltZI0iuh3snfDrcWN1eMOJQSQTSwtdxsQb8gdj8xR+eL87AZSCPIQK+gu6mR7ABJY2bJ56QVW/+0YrT2h/RnzUMrSA+Be/jTdm0nYbbAsBVk7bHfGWf7dO7KkasQzPpU6SfGAoGxPJSVr/ALvhhx7Bljq2DftPwBDnocwAiiLQeqs9MdYJIHeUtVRJBG4o7be3kImyOYVvEY1Yi63ZCKPxHi+/ESOOzOPo7JJl5XUaIwUlV7satLpsBW5D7b+uCUpHNEVBJR1FnrpcaSfjRvFfB2Xqk83OGiUkeMlLPmFVlv4+FRY5nVizvY7D9ROx6yLXwCKf3k4rbinDjEI42NkCdT8YXI/bRP8AWxafspWsu451JRHmBHEMZxbz8HCLXOj5bb4xlg1ArXvc/Qf+/wAcbo2QeZPljbOyojPIwVQCzHkFUDc38Mb25h5OFrmYZIjuoVox5nYgY5x4tkGgmeF/eQ0T59QfuODrt127MkzRZN3iiDWZFLIznmQKIKpqJ+PXlgGzmZ7065Cxa/GxYsWHnbGyfifLETvsxE30iFwa+tT5+IXiT7TmWGUpG57uQt4AOdtZU17yktsPl0xIcY4EMmYJlcGAsmlmI1A2GaxtfImwDWGeX43BJm1mlZlih8Srp1FyCPCN6GrzPIA4NyxvWuVE8cM6ELmEKM5MhDAAsGII2G1A3sd9z6YiWlsg8iOVdNz+ODHtp2iTPvoiiNr+bIFs3mAALN4EMxkJY67yN0vlqVhf3jGcbzqzx1edY6dbADy3PoOuDvO8LTuRLDDrXrJNqYMwA1aFsKdhzA3FVyOIuOIR8PuEt3hkV521DTSA6IwOrDXqIHmb8hHZvtDPIAuojSPs9OfLqPXf8MM7VJJOnmdzH/8Am0qJIn7yjEoJjcEMQ3iJYMNxVkeQG+G/BsrJHm8prBAeWBksEWpkWjuNx6439npRKZhMQ1hWbWNWwJ1cvECQdnXkfQ2MsiznOwJraSOOeFIyxBKp3qkA1ywq9m3WuFhYWBzD/biTTkpWHTQfukTzwHcDzmanj71nWONLLMaVKr3Re9jmWJrcCuYBh28v6DNQ1Gl28/GmKE7a8fmUxZMuVSONTIByaRiS2rzA8uV2fI4zZut43WIOn4VIAWJTVzKBrI+7YffjRNkZI1V3RkDXoLAjVVWRfMC+fLGyZ1WyjNf4/wCWHWTnkm7qJmDLEbQPuqhmXUp390kXXx88brKN1EHxXZo73vdH9ow54bn5IZFkhOmQXpI3IsEbX6Gvv88Y8Xm1zSMWDW3vAAA1tsB02xt4RCurU/LpzO/maN4l+jjsz2hnl1SUuoKygiybZfsgmhqYA+XMAWwxY8Z7uQRDYaSij+aOv9nlik8tnlyeZDoFkQlHo3WzBuXRgy7c6268rm+no9Tp4hIBJH8wDVdTd8vu64PON3/LoR9qGSWJ4ZgPekDHyBdW118e7B+eG/C+1gyOVc6dcjy0oJofm4rY1vQ9OpA2wQe0uLvMkslcqNEUR44xv6gMcV32hzSPkIBY71ZnsXR0lOddboWfP44zPWsv/CTyntUzyvqIhdb91oyo+8Nf78T3aX2lx5zh08OgwzkRgrYYMpkTVpPO9N2CAaJ8sVGsvnjYsosbeHqBsSOovfG3KNLHfGDHG6cLZ03XS/8AfTljdw3hskzUg+LHkPicS1byNnFeIySMA7Fgi6VvoCBfzvr6YYq1Edaw94twfMZcr38Tx67KFhswFXpPI8xy8xhnl4Gdgii2Y0BiV3alOBcafLtqjRCbO5sNR6BlII28tsF2b7TQ5xRBOXhSh3b7P3cnVjpC6geXIbE4rm8e3jNxl61jncZpaPa7gY/gmBoqcwyEnuwdJVtWp63NmlYlthyHrVwY4JuD8YzmXhE8MjiJZNBHhKgkXR31b79APXFqdn+F8P4llz38Ua5mRfrGjXSyG9iDVauW/XluNsG7PTcZZuKU4TqaWNUQswbVS8yFGo77nZQTeLa4R2O+lRw5/UYtDJImpbeVEYHxG7o0KLEna6F1hvwjhsPApJJM0e9aUhIHjXfuwfGSp907gkbg1QJxN9m/aPlZ41y1PC4VUUOqhXPhUBaJon9E/txr0bsmlw4WFhYmEP2piR8s6yC0YoGF1sZEvfpjmH2jZXus9IocutIVJIJoqNjQG93jpH2i5ruuH5iXnoVWrzp0OOV+0HEhPMZQNJYC973Ar9wGD9a58o28GWVyEf8ABgLp3bvOak+1Ivd7Cv0Ab262DgRywUt4yQvWueJniHH5Jo44WICx+5QAvZQLA8gKGFRjwjs/JPNHDGQxci2o0i3uzbbD578sHed9lmZjhbunEsg3CqANSggAWzimrfkRtV4DOA9qJMt3oQgiVNLKx8Ng+FhW9rv8bwacF9rUilROqOgoOwtWANCx4iGrnVC8F2ZoHNwmSaMRLHU8cjKyGw4UqCS5bkoNADzLYneHcaky+VRSgIjd1Hi5kn3dvI2fgT8cWL2lWOeN8zlDHJMEIfSRbqBYvqSOQHPxYrPi3CD9F8TRRsJEcCSWMF2MQWZV8XMOqjSaqj54zLu9dPmTHc9Pchx2XMwzpK1r3UgRFFKrKNQ23NmtiT9nAnncmzRGZReig3wPL159cPuyE4WYRGmDstgMvQMp3uq0ux59Bgz4HwJMvCe/7uR2vVTHQFPLmKJ+IxW/NrU/yxkVFeMo/PG7iUIjlkRSCqswBBBsA7bj0xuymUDK4J0yLRUHYMOo9DyIPr929uElt0s/2Xez7K5rLjNTlpLZlEVlVXSa3INsTz6c+WCrtUuS4bB30eXh70eGEEAkGuYveh1r0wD8O9qYyuWWCGBC6qLfZFLUtsVUbtdgnayL64ddnO2eWz+aiXiMCliNEO57oMxPvISb1GhZsChsOeA70Z8ROb4ll4zmHJAOtBHFfMczp3Ox6DbbFdM+hzp3AY0SKsA+XT4Y6wnmES+GPwgfZAUAA0eXKv8Ae1kcudqsg8GbniddJWRiAd/CxtT81IOHYv8ATGeQN9mjucN1Fmhv5YxvF5+zLsIipFmJogZKD2ymwTuBTbAixyA5YrRJsEdkuz088HeZWMyEEiVCyhTp8tZrWQQLAOx5qd8Wb2GzOXyzHLNC2WnIDPHIdTURtpck6k58jsSetgGvDOGQwKRDGkakliEUC2PMmtyfjitPbcjg5bMIjr3RYNKRSgMU0r5mzew397GcptvHKeXxXPtG462az0rCTVEjlYtxQUUDVeZHPrtiO7OZi81llIB+vho9R9YvXyw1zgaeV3Rd3JbSDZs2T+2zXS8ZdmP+Myw/88X+IuNRi+uzcLCwsQDftD/i+f4L/iJijhJ6YvH2h/xfmP5q/wB9MUQGxvBjNtZh5Y81DyxqLYWrG2G2x5DE12U4A2cl7taVQNUj17q+nmT0+Z6YgLxZnshox5oD36Tcc6qSq+d4LdQ4zdQmc4lw+CVoo8kk6oSpklckuQaJGxAHwG/kMeccyuSlyn0rLxmFxIqSRWCBqBNi+m2xFDntgTRSSAASTQAHMk9PjiQzXBMzGheSCVEFWzIwA3oXY8z+3FpbLgfB2zMpiQC9Dtyv3VJA+bUv9bEfk8sjuqkogY1qYGhfnQJr5YNOw2mAJM00UTSzLayNRbLrrDaaB96TzoHu+eIHttw/uM5OlUpYuv8ANfxbegsj5Yt9WuMu03ZaXJFO97thJekpZHhrY2o33xjw/gCTZaXMd9GphALoyNY1EhdwKOoihV+tYsHNcUgzU+Y4ZmDXiHcSdQ2hdhf2gxNeYJHxDczwiXKwZ+GVTsMvTb6WHe7EeYIv4EVglNjRF2RvLLmzPl1iahZElhroqQEuwbG18r5YZ8R7NOkXfoYp4eRkishD5OCAy/MYIW/iAV0m357/AFn7OY+71xp9kU7fSniq45Im7xTyOkiiR/WI/rYt1aiFfsfWUGd7yDuzVCm1arrTWjmDtd11ut8aezXAGzUhhiMStVgPYsDnVKdxzwcDh8TcJaN5VijXMyU7BmFLK4AIXc40+znhESZzWmailIR6RQ4Y3QvxAcsGzoL8L7JSZiWWGJ8uzRHe2I1AGiVBSyAdia8vPEFn8gsUjxkRsVJBZKKkjyNb4OfZl/GcnMeCbY/z12/35YBZvePxOGM1rEK/or9wx6Il/RX7hjIY9xoMdC/oj7hh1wtB38Ow/Ox9B+muG4w64X+fh/pY/wC+uCmOlcLCwscnUN+0P+L8x/NX++mKHrF8e0P+L8x8F/vpiidGOmDnk1nCIxkyYWjGmHiqTQHPBB2b4jPkZe+Eb6d1kVlYBlsAiyNiG69Dt5jEHHsQfIg4J37WsxLNBGfE7b8vG5Yjl61fPrz3wVqHGe4dw6dzJDmnhZzfcvA7kFjyXR69BqxJ8Y4/lJMrDkVzEulSgkmMbbqgP2ed3VCjVemBjJdoGjRFEaHQV3NGwru9bg1euiR0VcOPymGmhl4gaq9v0GW/d821fEDBpbNO1kkUk5OXYvAkaBaRl7tVpaOoA+8b1dS/niY7TZjLZqPLucwpljSOPMMIpqrq1930N0K3vDeTtaoI0ZeOiPGpVQLMquVFDdKULvz9KxH5DtAI4xH3CMNGhr+1vdnbn8+l7YicdtpIWzJzGXzAcOQ1AOrRsAN9wPKwQbvpteJjPdrFzXDZIZd8yvdhaBJlVXRi2w2IUEsPS/QRkXaiIsNeVjC2b0hSfsVVr001z+0cape06BmKZZBYcA+FW8eoWdKfonccrG1CwbQ2lsvxDKNwoZRswFkLatRhmKo2sOVsJzrYkeZ6YZ8J41Bw+GUwSd/mZRpDhHVI19NYBY3vyrYeW7HLdp1WNYmy0bhQg8RFEoEF1p2JC77/AGjhvlOPKgYHLQPqkLgsi2ASpK7KBpoEdK1GqoYtLafmzOXPCRlxmFaYP3rDTKdySSLCc6PM7X164Z+zedIc0ZZm7tUjN2r/AG6q9KkAdbYgbirw2i7TqpFZaLTp0utKO8/N+8QgO+k2ORLk1sMeR9pgGcmBWD93asQfzUJjH2K66uVWOWLR3Et2OzmXy+fnlknQRgMEYBzr7xgQRS7UBvfU9eeArOxhZHVWDKGIVhdML2IvfcYnn7SJdjLQDeOhoSqT3gbSyH+NjzONT8fjKFfosQJBBICci4YkXGSDo8F3tzFHGkgNWFePG57Ch0HOsKsLD3Vh3wo/Xw/0sf8AfXDSsO+Ej6+H+lj/AL64zWo6WwsLCxydQ57Qf+AzHwX++mKKxevtB/4DMfBf76YonHTBzyeMcLCOPaxtgsejCGJDJcPDoXMirRI0nnsAb5+tYkjzhXiVPCBv9aopipsdAVthvutNfrWPX4MAN5Uut+VKbA3N8t7v9mM7a0ZR5I34ht/2un+Zw9iVAo8CEiqBEdt7vPp95w3j4aCEJkA1FRQAOnUW5+IcgAT/ADhjKLhKsVHeqNXdncVs4F9dyt7j0PkcKjOViSNEUXkbEf8Aq2w2bMgCnSLqCFUahv16ft8sORwZRqPfRnSCw8mqtufrR9QRvjLM5IEVqh+3uqgHwchs1W++kdduV7ZLwPB07v8AsN68tseZrLReFWOmhdhCOdc/D/u8ZpkSoAGZq9VBSaBU9SGoX58vXrjCCBygYZhtWktptrB0yGve5nRXzGJI/OJENkLMfM8v3A4b4kczw4KEZpVOvc8yV8KsdVWQdRK/K+RGNg4MLIMqADr6WQWoE7e6fOmutsOxpElsYE4nBwME13qjlzrqwXam3Auyfh8RGZ7LhHKBtWkkE1W4Yjbc2CBfzw7GjXCxlpwtOEEMO+E/n4f6WP8AvrhqBh1wn8/D/Sx/31xmtR0rhYWFjk6hz2g/8BP8F/xExSseSujqQXXM8r8/QYun2h/8BP8ABP8AETFHasbwc8z0cKJr6yP+18NvjvXyOPY+FE39ZHsAdzzsXt+44ju8xvy0yqbYX5fHGwetwdgffj51erbr6ctufrjCDhxYA60FmtzVbtz/ALP7R54zTNoaAjs30CefSl8sZTurAjumB6UoG9HnS30P3emJcY/wQ251x7X9ryvl937RjbksmUJJMTAqRRbzrrXPyrn9+NaFByik1Dz3HLyK+f4euN0sEdm0POtmAr/9cZLXk4EYawiCjsGkN7UeRG46YeZhizFQkA8NGm23Lb+7YYEc/hzBwxykC0SRq9QRXr7w6bYwlkF0Ize9kIpvn/28rr7jiR/rI/5cWyoDbbHQpB202C2q7HVb6Y1SZkBmjMcdlW3DbDZ+XgsUDsCOg87LQupG8bdOSKP3DGuFkXmjkkmhtuLWtiDuKP3jDobP81AT4CsVeDk/MJqBo6PtUCa8h54SZU+FdEVxsKOsb+INv4abZgu9+78sNSyHwmNxewOlRv6kAGrvGMeTXTuDqqtnWtW//oV8cBP58oHs91EABY0y7EdAKWyd+u5xHT5K5DGoVSBv4iR06ketV54dZhI7Fo9be7ovbn7o50OvWzhlLS6SqsNt9YBBPpthgrOTg7iraPcqPe/SIFnbkCd/LHjcGkFbpv68twN9tuf3A4doEIJ7s/dGvmdrG+w6Y1TOq2DF0/RQ19wIG9/dWLa0Y5bJs+qio087NXz5efL9ow4bhDg0Wj6fa876gV0/d5415nNoRSKBz5qnI+VDDEHCkjHwhyCbTa/teV+np+7zxll8mY54QSp+tQeE3ykX0xGg4dcLP18P9LH/AH1xKOksLCwscXUN+0T+L5/gn+ImKUGQkIBCNR5euLz7Z5JpsnNElamAq7rZlPQHyxW+V7J54+BVjND/AKrD/wCoH/8AcaxumcpsInhkt13bXzqumMhw+T9BvLkeeDX8j+Jfop+vbzJ/zx5+R/Ef0E8/z7c7vzxr6Z+QWYXjIJDIeh3B+WPe/e71tfnqPr+J+84LM12Fz71caCv/AC3+/Gj/AOO89+gn6xcX1F80OLmJCdnck8qZr/fjYyz9e9+ev/fT9mCKDsDn0ZXCR2pBFyL0xJJ2c4kP+VF1qpB1AHUnoq/d64twTGgULMBQ7wDnQ1DfG5A1BnlmU9fC+2/Q38D88Gn5O8Su+5j5AbSqNgCBty2s/wCwMRXEez+bm3IiHnUq7+WL6PyhlzSAD61ydr3kG4B397/dnCaWEkEyPY91jrsUDVeLbevvOHf5F5nyi/WL+OPfyJzXlH+sT8cO4umMkm9pNKPk/r1v5ffhq8jhjpeQjofEL+XTE/F2QzIr6uFiOplXz+ONz9nc2eaRfrU25Hz9MG4tUNd7L5yfefX8T9+FJJK3Muaoi7NEcsGB7I8Qqu4j8/zifjjB+xmfIo5eMjbbvE2ry3xfS+Qi+alHN3HxJxqlzTtduxvnZO/P8T95wUzez/PE2IEUeQkT8caj7O8//wBJf1ifji3FqhPThBcGH/x9nf5On60f68Y//H2e/kyfrV/14vqL5oXymnVZ5AE/cDgg4q0BzMHcqygSZf3iSfE19d+QF+t42x9jc7G4buIgV3ozJyNje5ORw6Ts5nZJYC0UQVZUYlZUN04v7e/XYYrVIujCwsLHN0Y6sLVhYWJFqwtWFhYkWrC1YWFiRasLVhYWJFqxj3S/oj7hhYWJF3S+Q+4Yw7tf0V+4Y9wsSYaE/QX7h+GNof0wsLEmWrC1YWFiRasLVhYWJFqwtWFhYkx1dawtfphYWJMtWFhYWJP/2Q=="
228;Les diaboliques;1955;Thriller;France;Henri-Georges Clouzot;Simone Signoret;https://fr.web.img4.acsta.net/pictures/17/10/23/10/38/4388434.jpg
229;La haine;1995;Drama;France;Mathieu Kassovitz;Vincent Cassel;https://www.baskasinema.com/wp-content/uploads/2021/05/PROTESTO_poster-scaled.jpg
230;Groundhog Day;1993;Comedy;USA;Harold Ramis;Bill Murray;https://m.media-amazon.com/images/M/MV5BZWIxNzM5YzQtY2FmMS00Yjc3LWI1ZjUtNGVjMjMzZTIxZTIxXkEyXkFqcGdeQXVyNjU0OTQ0OTY@._V1_.jpg
231;The Wizard of Oz;1939;Fantasy;USA;Victor Fleming;Judy Garland;https://upload.wikimedia.org/wikipedia/commons/6/69/Wizard_of_oz_movie_poster.jpg
232;Jaws;1975;Drama;USA;Steven Spielberg;Roy Scheider;https://m.media-amazon.com/images/M/MV5BMmVmODY1MzEtYTMwZC00MzNhLWFkNDMtZjAwM2EwODUxZTA5XkEyXkFqcGdeQXVyNTAyODkwOQ@@._V1_FMjpg_UX1000_.jpg
233;Le notti di Cabiria;1957;Drama;Italy;Federico Fellini;Giulietta Masina;https://m.media-amazon.com/images/M/MV5BMmJlNDAyYjYtM2MwMC00MmJjLTgyNWEtM2YwM2VjYmI2N2NlXkEyXkFqcGdeQXRyYW5zY29kZS13b3JrZmxvdw@@._V1_.jpg
234;The Help;2011;Drama;India;Tate Taylor;Viola Davis;https://m.media-amazon.com/images/M/MV5BMTM5OTMyMjIxOV5BMl5BanBnXkFtZTcwNzU4MjIwNQ@@._V1_.jpg
235;Faa yeung nin wa;2000;Romance;Hong Kong;Kar-Wai Wong;Tony Leung Chiu-wai,;"data:image/jpeg;base64,/9j/4AAQSkZJRgABAQAAAQABAAD/2wCEAAoHCBYWFRgWFhYZGRgaGh0fHBwaHBwhIR4cGhocIRweHBwcIS4lHB4rIRgaJjgnKy8xNTU1GiQ7QDs0Py40NTEBDAwMEA8QHxISHzQrJCw0MTQ0NjQ0NDQ0NDQ0NDQ0NDQ0NDQ0NDQ0NDQ0NDQ0NDQ0NDQ0NDQ0NDQ0NDQ0NDQ0NP/AABEIAKgBLAMBIgACEQEDEQH/xAAbAAACAwEBAQAAAAAAAAAAAAAFBgADBAIBB//EAEEQAAIBAgQEAwUECAUDBQAAAAECEQADBBIhMQUiQVEGYXETgZGhsTJCcsEUI1JistHh8DOCkqLxBxXCJDRjo7P/xAAYAQADAQEAAAAAAAAAAAAAAAABAgMABP/EACgRAAICAgEEAgMAAgMAAAAAAAABAhEhMQMSIjJBUWEEE0KBoTNxkf/aAAwDAQACEQMRAD8AQ/0MsoKTmKCNeuWjPCgBaVWQsxALSJ1/Kpw2wUyEACUU6+go4J0ywfSoxTLuSBly2OqR5Ba4NtY5VMdoo0ll2IBECr0w6gkGqdDYnUl6AMDSF69QaHcTtrvJHoYp0awjAqNxvQHi3C10B07UJcbSDGasBYhYtgAsZ7t5UvcKtZrpBE7/AFp9OCRbeXSQDBpS8LpOJIPc/WhFOqBJ2xjGBAA5M3x+dc3FfQC36eVNtm0IjyrNdtiIovjxZlL6A5VlTUaDeuuHtmO8+lGfZBkIjQSKV8LxGxbZgbiggmYYfLoazi01QEwrjiwUso1HftQEX5j8if50YucdsA5XLJOzMvKf86kivX4UhOZTAPaIpZxkUg46YleISdPWiPh4cghmB8j+VZvFeHyQJkTWjw4k2yAsnvQfiD+jUuGZrmt1tfStV5xaY57rhRGs9/KKC4rFi27CBmG8+f50FxmId+Z21PT07/E1oxbyGUlHAcx3iFZItqSZ+02nwA1NYH8RYjTnjToKDqdo3rtdWE+WgIGnkelUUUScmFE4g7Sc5Q76ayT5Hb+tePibk5XnQdgd9tRQ68crHKTA0B229POtV7F3CAGYsABHoNvn9K3SjWzLh5ziDBmmwqzIhzrIOkA/OlTBJmuKImTTld4UyqCM8QOvxqfJspx6MVpj7WCQSR0Fe8Yt6AjWusNhRnMyCNp3qnjZOUax5UqCwZhxzN6UY4agyTJEE9qDYVuY+go7gU0PaaM9GiZeO24UaHbc0B4YOcf3vTJ4iU5NTMD5ECl/gyzcE0YvtYJLuQ4qpAFeyPOa9UzFclPM1AqcXUUmTPurxUSftGu7iGNNqou2zqcp91Yx1iLKAGCdpAFLfGunrTDbZTG4Ipe44dRVePyEn4hbwssg/hqzj1rnX8A/iavfCA0nyqvjr/rB+H/yahLyCtBnBXQFSf2F/hFERdKgSInahGDwDuqagci7+gpgVApCvBQrA8u9PFsR0UniLmUyy3cdKsS4DowYOO3WqcKqo7ZAzd5rrE8ZRcyxLT06VRSxli9PwdJj9MsQZ1PWsOMvljqSZrNiLjFswRlHSRvUZGJWVkSJqbm3gdRSyaMbh3FthvAB07TSf4d/9yYnc/XrT1YuLkurEQNvKkfw3dAxB8yfrTqqEbyfS7DsRB6DeqUDFjIMdPOtTWwU5TuNxQ/iV9kw1xgZZUYg+cGD7qZv0BMVPGfiNnJsWjltiQ0HViN57DpHX4Us4bhl1xmVZHqPzrID1+NPvhW+CmgnXQ9vKhKTRoxUmLuH4JeKhfZuMzCTBKmNpj1otheFYvBXFd0JtEgNBkZdpgbFRr7qfbN0xpV7MzAq3MDuDQ6mV/Wj5j4wuSRBBG4I7GivhLGW7Vhnb7qkmesbAe+B76XePWQmZB9y46j8Myo+BFE+B4UXMM6HqNPrSt0k/sSstCriMQzszMZLEk+pM6VUK1pbCsVcHSdROnnRjxB4e/RUtPnJe4JKkDQEA/nVLEp7F5FE6mK1YW8qgjUE6E76SNAPOKzlSJU6a9f7869BUef5URS/EiWgRA+U9DNcMjZatRhl2yrO/Uny79KyOdSATE9fz86xj21dKsGXQgyPdX1P9K5VnY/mK+Y4DDNcuKgEkkfDr8q+h4lGACsPT+lTm6HggbxWM4nQHTTvQbioMSTPrRPHQd+hHxoPxVzFTTuRRrBlwv2/dRzBseb3TQHBjmJ8qYLVrQkddPhW5DQKeOOcgnSBQHhZ5xRXjYcLqQR570J4a5VwQJjf0poLsBLyQ4WdttennXQvT0NedFPQ1BlBkdfrUCx6Lw3HwrPeug9asu203MajpWJlXXWsYtW8xgEjTrGvxoFxv7Udv5f1omjhdNY3gDX3UI4s0t5Ez8hVeNdxPk0MXhIchMxoa547q6n9wfU1X4eeLLehqzi0ZljbIPqaF9zGXiG8FcMJmO9tIj8IoiyTGhMbUo23JCcxkIo38qZOD4gNYcuZMEU0csSUaSZrw+5M7nbtVWVDcOgnqaC2rwBglo8utEsHeXNyI3mx2A6701WBqgvfuAJm+1l6UHs3AwzaqJ3rdZKvm5uX61hxxCRbH2d5ovGRV8HDjL7QjmJXQ+Z70j8GeL8n9r86ccRjMqPA1jt7p+dJ/BzGI1E6nT30E7TC1lH0y5dyrA6j3aisTJ+rdWPKysrT2ZSNPPWrsU6ZVBMNlE1mN+2Uy5idInzrOzRS9iJiOD3LT2w4BVyIKnQ6iR3UidiBX0JsOESEULA0EaD1ArNxXBq6K4JmUMkzqs6AeYgf5a0YXGa81Byt5LRgot0C0xt8Mqreck6kC1AjX7zL5GiGOxN5UWHdIEl1XM3uWNTW65cRTI1037f3NX2HRlhwCAdAfPf8qP8AkKifM/EatmzMWZnOYsy5SdI1XodKM+ErJKTMaVn8eOGuAr9kACBtpNX+E8RChZHvrPMSLVSZru8LR35lUk9QSD8RWHxtjfbC0wVlCoRzaa5oPpoDoe9HLqDPKtHcCN66XgIdma6xOdJCmIEmQdBM6GhBsLVnzJq1cO4e95sqCTE67adzGnvpofwM+cy65fTWmCzgbFhltpOdR/qzggyY3gnSdo7VRyxgEePORFxPCXssEvJGYCDO3woVdsMsyNj3r6F42wjPYDzqm/p1r5/7YFcsdv61ou0JOPS6Rr8P3sl5W7A19Jsw9sFhIr5ZgXhwa+jYDiKumRR9kCffSTdPI0dAzjsTlUCND5z60u419qYuNrBn0GtLeLWpx2O9HHD4z67HemjBWgwbsDStgft00cOnKe0zW5ARBHiJY08vhQjhI5/dTF4ltgoG6xS9wj/EX1HzpoeDNLyQ0I5XbY7jpNWPdBIOWK0gAzoPSrXyxzCANZqFlbAOLuECR1rNYxTHQifOjeJRHB5YXofPvS6hVLmWTHenjlCydMILAO2vftP5UC4mxLamaabOELCaXuP2wrwKbifcDk8QpwQkWjA6V3xc8y/gH1Ne8DMJH7v1rjjJ51/APqaS+9jLxLbVpiUhYzKvwgUWwGKKI6ALIbc779qwYa99if2V+grqyikuxnMScuu0dhVovJOWUrDFnFWzq6sHnQp191E8NiFAghoPdennS2qFHXmOwPppVr32dpzkedOpZNJLCYXVEzHLsTtFYuL88BRBHWrLeZiBng943qviNp1MZ9Y3iAaWStCrZntWWYFCQJXUneJpT4RZLYhoMZWY/OnNEfJ+sEjKdf6jzpM4KD+knX7xmevNWSqLM3bQ2YyQgPU/lQtO9H8ThCxVSNew86x4nh5RS7QqjqRAoPQQbYYl+5gkD01/nRW1eVlBG3Wr/DeFF3D3LoEutzKogaKqAn3nOT/lFYsVhWRi6aTuOh91CcHFJ/I8Jp2gmL4RDCM4I1gA6HpqYqnB4hMxjCus6ZuXKPcGifMa1RgeLWiMjgqw0PnWy01vZA+Yk6sTHLlJAnrzKfeKKfbRS4rLFLxbOmka1TwRiFEVo8YD7M0R8KJhxbDNmZ+2sTR/k52+6zJeuXFcQSs7+dHjxFiyO7LlChNBB0PKTrruRt1FCMbi0LwFbetyICsRAI199JFtOh79jKl4EAms74S2by3pOcCN9CIjUfD4UJ/SyBkQM527R6sYArAOKOCwbePuGdffEbGnb+h4q2kN2JRL36nOssI17npp112pax3hywntkZXZ0K5XGgMjKGA+8gYQYO8aa0Q4LxTNayKqtLagkkZtzIOqyJkzoaJcXt+1wAaWR7YKMdDqGIaT1BOs0yb3QObiaWH7Pjlsw2nemfhWNZBJICk66amli2vNB70UVCAO1CaIwYc4njUdZzbEUCxlwMYBma7vhspHSsuHwpdo8qSMVsdt6L8GoDx6UzYQGCB0NL+DshXytqTTLgOQNPfpQmrQYgvxICEgn0oHwEj2gnamHxO8pt0pb4POfSjDwYJeSGxmaCQevf61Xi8SxAIE5dx3HWr9VHSO1ZLzgDTrXOtlTi3ekE6kUG4qgDSNKN4a4AJy79aw8TtBlJqkXUhZK4hThGNBRQTJiKW+PtNw6d62cAch8p8/lWDjX2/dTwjUxJO4hzhuiA/uis/FmJZT+6Pqa0cJHKPKKr4yedfwD6mpPyKejRhlzC2RvlEj0A1orhuEZxmW6kzMdj61lwtqfZxvkX6CjfDrYAdcsazI61aLqTJvQMuWijCSGaZncVTi3JYvpr0GgFa8XkQgCTr1rSlhAhYijhvBqK7GGZgCGA93eq8fZaOa4dKvtuQIWRVGJYGJ980rlgyRTbxMWjmYxB3NI+FuxdJHc/WjniYw2UHlXLHqRJ+tLuFPMKrHRNvI34nj172YCcpH3t2Px0FK2K4hduEe0uO8H7zEj3DpRu4OQelLyjn99CBmfQvAGPyu6a5XUOPxJoSPcf8AbTRxPhuYF01BklR36x/L8opC4Fi/ZYiy52DgH8LcrfANPur6NxO49u3cNpR7UI5UHaVUnN/IdyOk118KjycbUvRNtxlaFpPD/wCksMpyERLkaATt5ny3rb4nwyW1sIhJANzmO5ICa6da88AcYuXLbLflkLwj6Bs7LnZDA1Ug6HoTHURq8eNy2CNArMAPJgCf4BSfqiuNtbHc5OST0fMfEV5iQGM/33ol4VvqFKnTaDExQzxERIjvVvhu4AYNcz8Rl5DHj7YLrlg6fOrLtshkHTSfON6CXeIadmBBHce7tEiiWJuZntvJKkSPeKjLDsovg8xN+6jQqoVPSZHzrHhcPmuQy5S2xGvNOmnxohiQCvvrrDAlQFXm+7G89NapCbbSoOVlbK8Oi2GIBlp5gBlyjTVye523ntW3iWIvrYBdlVMsIuWJG5LHeZ1k963cK4Uic7ywUSVAkTMz+8d9a88W4l0QhiwQjk0AGXWZP3jrtV3Clbx8HQuVckuhU/bfr/B8ywVjO5A31IHeNTHcxR1cN9nUQaw+GrOe8QDzAZljuD/WmbieC9neI25ZHkf5VHkT2jlhQK4jgWVNCvTWaHWlyEyRt0ovj3zodBOkx5dqXLjn8qEcmkasK5a4GJ2M/CmdLomTIkdKT8K8PPWKb1QMoI7D6UOTCZo7BviRwbcj0oNwKM5nfpRLxE3IAO/0oRwgnPp5fWjD/jZpeaG2DGuh7VgugkhauxJJ161y9wAA9Y3qUY2PKVGg4JogEVmxeFZU3BFX2ro9/XtXPEoyDXcbUI3YZPAt4G/luT5/zqniN3MwPlVaCWMd6ru/aM11JK7Oa8UNnCl5J7RWfi7Esp/cH8TVfwp+Qj90Vm4iDmGo+yPqa54+TOr0GsMVC22JP+Gu3pRnDY3lYd9qXbGHdlTSBkEfAUasYUqASadN2K4qjnKM6g6+tasS3KV7isN+7B071GuTJ1o2kAssYoTBERA99UYrLIg9a6tWGPMVmar4mxCsdBCk/Kk2qNixX4vezszdJhfcIn5UGsHmHrRHFA5QOw+tDbP2h6j610RWCD2MU8seVAmEP76PPqB6UAuNz++liZhqeQa619ROLBwnt5P+CWO/RDr6Tyx6V80wduVnpFPPhp/aYC5bJ/w/aoTvysC6+sF/lV/xnTa+gTWEyeArKnDsoeQLkjvygDlH4ln/AJrR43HJb/Gf4P8AmgHgbCurO6OAqXMrIUnNkIzGZGUkFdp+VMXjb/DQ/wDygf8A1vTxk5cUk/RpxS5E17Pl3iQ84rngbQZ7V74h+0K0+GuE3r2Y27bOAQNNySYgDruJ7VzVcRtSKOKk+3Vh5T75/KmbhqFrNqdlB+AJGtBL6EPcRxlZdCCNQRO/mCKYuCf4CAjbMPgx/nU5K1Q0d2WYzDgrptuK5wtjJbEsAWYFvJAdAewO58qveOuwBPwHTz0rHxrEyj5QM4RcwBj7ozBesiCPUU/FHNhckjVxvxAQqrZYDKZY9wOnvoPxXxUcQjBlYKCOUmYlYn46z50ovfY7kkdthrr8K2pi/wBWVZZEHKQIKn1+8vkaflfW7H/Hl0qsYv0aPCI/9RMkQrHT6U8+JrYcW7q7fZJ8woP5mkHws8YhR3/LX6A094hF9gEVpyQ0T+0Rr6REUJJ0/ggn3KgJdw+mYTANLmPslN9iSRFMuNdgnvoFxW6CgB36RUo7Ky0YcAvOD5U14RuUDyFKmAcB9e0Uy4YSYBIEUOVGgD/EQGXT30L4OhLGKIcftkA66T1rN4dHOaMccZnmYbxDdDXrwUntUxLy0HarsMqFSBG1JCVPIZRtAbCYppy/XpW7iCFUkxt0rBeAR/KruL4oFNO1M492BVK45A2BWS1VY1YaK18DALGe1U8TUe0geVVXkJXaHeCqxUaaRBqcagOo0+wPqav4W7qnLA75uvmKwcTJzCRrH5modPcWvAy2bieztgkzkX5KK65mEAGsWGUZE1+4v0FELIAEkmm2zaR6vD2MZpq5sJAk7RVf6Uvc/GvDil6rNMlEFSZswrLlUT0od4kCiyxESSo/3Sfoa0JikH3RQzxJigyIoWJafcAf50FFAcZJXQtXhyk0IVoM+dGrw5KB9arH2SYxq8rPlQG8ec+tF8Lc0A/doPiPtH1oR2ZjNg2OXKJ2keh/rPxpr/6f3+fEWjsyK8fhfKf41+FJ+DPIjecH0P8AxRzwjdK41B0dXQ/6Cw/3Itbidcif2GWYnnh+9et4i/aVWZQ7EmRyakAksesr1nfTU0yeLbhOGssdCbiE+Ra25P0oFgeLLaxmKV2ylrvKP2ozDeOxBg99Ndy/im6GwtkgQPagRMxlt3RvV1S619M0s0z5txxyWEij3hLxa+FXIlpW82Y794A/Ol7jX2hXnC94qMW1G0DbphTGcQa9euXnjO7S2UQNhsCTTR4bOaywjZz8CAf50mtoT60e4I7BbkEgBQx7QJ+NJtjqghxPiARgmpYgmB5bD3k0rcYvgMFQtmACs0nWACT5Ekt8a8GLAVmJY3s7EMZGT/L3yg+mlB7j6n6+dUcrwlgXoVdT96NdrCMUDkGOnu7V6rlVOgIjY0YwzZsKnfm/iNCcRhnCzBip9WaZSu218GTht3JcVu0/MR+dNfDsQczFjo4Oh0y6qQB8KTbbEa0xWbmWyGOpJAnzAM/lW5LH/HaSd/AWxNtHEZ49+1Acfw8p9ppHQ1euKXeaycQxecQJ3pI3Y0oxrZ7w7h2czmA1gTTVheEqg5nLHy0FLOBnKIkFa0PiiTqx+NaTYYcSatMt8VooUQZoZ4eYBzOlV8VeR1rNw9ZanS7SUo1yVY1uySeYEelS9xBFUhQPhQS4h864xCGBpU1FWUcUlstYBz6Vi4iSNJq7BSJ0NY8e8tVI7o5pRrJdwi6FYzWvEYYFwaq4Xho5jV+OxIX1p+nNg6sUGLN9EUAmhnFcYhcRsFA+ZoM2MbvVBuGk/W7tlf2RSwOOGsvkSCPsj6UQXC3Y1Ej31Zh3i0hE/ZXp+6KPWHfJ127UYxTZnyNIAnAtoSYnyq3/ALY52bT0os8vAbp6V77UqNjApuiPsH7pAyxwUncmfICgfiewUdUmYSf9RI/8acLN1uk/Gk/xU5bFNPRUHuyg/nWlGKWAPklLDYIxI5KBHejGJuyCANhQc1oiMI4J/pWPEnnPrV2GcCfSs94yxorYPQw8PM2iDPl7q2cLvFMRYYfduJPpnUH5E/Gg+AxoVCPI12eJqDI8j7x1/vtU6aY1qh5w+Csvfvs9vO1x7gV8oYjIwVERXhZgGTrod6u8TWETDWkUDKt7QDbS3c/maw+HcNaay157rLdL55DLAUkwCrAgzr2MNvWPiuPX9GRFYs36S7GYnmRydtOoiqqTd/aGklSr5Qn8YjPpt0qvh7wanEmlp71VhetL/Iv9BB2282omuLZLbBYhoDSNxBESNRvQWxiAYDaEUZ4fctu/s2gqyOCT0ORivpDKppaaaoMWryAbz6gRA06zv1mo+GYNESd49aY8NwIEK5IKLcVXg6wWAAXvvNFMZ4fKD2qAsQByAaqF3Pc7DTWmVtOlouuKNpSdJlfhTBB7Cz0Zh85/Oj/FsEgsNp901g8NcqXFylIuHlYyVBVSAT1MGiHGH/Ut+E/SptbB/wBaPlGHAnUSAdR8accSiqiIqaKs9tX1PvpZ4Iqm4MwkTtJGusTHSa+h4lFzEkAknr1ozfolFOr9CZiLg2isbXO+gpuxWAtshOUSdqWMRhoYgLMUiaugtFeAMXBGoOlGcRgeblELuKBWJDKdjTJYb2gjNBAFaYYMX+NLAArLwhwH1or4mwxUAk7xQ7g+ELkxTRfYLK+o3viEk6DT1qYnGDIIUCs1+wUchq4xCiAAaFK0ByZqtY+FjKNugoelnO010FABr1cQFXzp4pWJKTeC+7fCChF64WM11fvFjVYNUFRzUqE1KwT6bg2i0n4F/hFFLLGBExQ3BspsWzOuRfoKKWbihKSOykjUyDcVzdKxqKy2sQC2UGu2ttOppk0xKO7S60geMMRlxdwdgn/5rX0C0NRXzDxbczYy+f34/wBIA/KtQTHdxxIyqAorFUqUUqFJNSpUrGJUqVKxjfYxLKp1gEaeogH6CvcLfJyz+2fmsVwhi38fr/fyqmxcg++aWtjN6LMcNRXWBtluUdevQV5jzqK08GGtBuohWZGDE2irFTEg9KJeGlzX0UmAZ132Uzp6TVPEcMxvZVBZmiAoJJJ6ADU0Z4HwO9ZxVk3kKTLLqJ5QddD0MSD3p406Faauhuu3VtuuRA7wWCKPtDQA6aZpMA9Nar4pxpyhdFyBwRLA8p2YMCOg7EVPZoxuOZLrIKqRJBOXKVg8pO2nc1nxi5g+HkFspKqADlVIjMATuQBG+vuqrSTbTq9E7baUtY/8B/hfiHNdVmzHMCG2kZQo+SijXGsSvsm1+6fpS5gOGMt+FVgCmYzMTm0jy/lWzjuDf2R9K45N2dzXTgT+E/bU/vD86+j4iwGadiI19QK+a8Lv5HBIkUzP4l5jpA6UZ3ZFSXTRrxuKyvk6CuL6jKT3M/KhP/dAz5jWrF4jOixpUnHIykis2AW0FVtmTUabfzq3AuM8T0ol+h5zy6wAKazYsWuNY8uADW7wiwBae9ZvEOAFsz8q44DjFQwe9O12YEupZDPiCwDzDelTOe9NHF8ajJAMmN6VVfXWtBYFm7Z2bhrOTNWXX7VUpqqQp1EVwTXrGa8omJXsV5UrGHxEYWEKnWF9Nq2YUtlljI7CrMC9s2EB/YWfhWmxY0lYHlUenJa8HFpoKkiiS4oMum4rKls5oJFaUsKY13p4xdiSaO7T18y8W24xd7sWzD0YA/nX1ZMIgO9KP/Ujh6xZuoB95GI6kcyz/vqri0rEuz59UqEVKUxKldBD2Nc1jEqUWwPDluoWBhl3Xv5ivW4ao3aNt/Oh1INGb9GDKpDLmjVZ8zXN3ClQCIMakiur1oEkxGpiBpI0gVSbDDWDpH9a1ozPcVOhrdwTMTCgz5Vn4hsunnRnwVhrjXGyyNIJjQ6jQmleYjQzIL8FxFtHZ5GdRlzRsNyF7b771bj+OHOlwc2RWUGJAzwWOu8BD8azX+DMjn2uVUkyiNBObTeJH996NYXhFgrzkssgqo5VUAQBpqdCd+pNCNp7Oh1VUCeCW5uaoWzrLaSFzgySIgmY3o7w3hIsuzK5AYcy5VEnoSQNx303rQ+NRBlQAAdBWS5xIdxR6q0wctcjTr1QUREWYAkmTtqe586F+JbgFp/wn6Vkv8YQfeoFxri3tEZVBOmsnp6VNysKixf4Nh89wD+/SmXi3ClgDKAYoD4ZP64axpTnibmsiK3I6kQjoRr/AA5lOk1UbjqIM0237wJ1GtCOI2pitGd7BKPwBkxJBBotg+PFJ86wJgZMUVw/B1KnSTTNxAkwZxTiJumSaG1qxuHyGslPGqwB3eTs3T3ripUpgEqVKlYxBXpFeVKxiVKlSsY+k8KRTZT8A+gohh7Z6HSpUqMdlZaNC4QkzNc41gigk7fOpUppaEWwe/EmIhR8aF8bZ3w7qZMQ09spk/KalSkUm2UpUKeHwwZWY7/lWIjWKlSrR2yTDFmMgAA2/v30KxCwxipUpY7CwjwC8UfyOhq7E3w5IWdDqRtvsfKpUoPbN6PXA5RGk/QGuryBgwG5B9KlSgEF4gyin3fCmTwnxHIsHYHse/lUqUZeI3H5HnGuJF30JjSQp7EHz7VqbjltEUSzMdIAMz2k+tSpSJXso2yl8Rcdc0BFJgZm1JgkDKuvStvEPDOIyZkuBz1RVynXaCzEHXfapUrq/H4ozTv6F/LfR00Z+G8CU+1Ll5QJEk6yWDAwNiQIPSvcfwu2llriyGI1BYHYGD5yalSozijsh/Ufiv8AaFng7Kr5mMAQPLXv5aU7K9t9UdW9DPSY9YNSpSzXs4EYsXhgBmofeAIFSpU3sYzYZyGNGcDcMGO2pqVKwBd4ynN9ap4fhM86V7Up030i/wBFXEsNkIrBUqVSGhZbJUqVKYBKlSpWMSpUqVjH/9k="
236;Mandariinid;2013;Drama;Georgia;Zaza Urushadze;Lembit Ulfsak;https://tr.web.img4.acsta.net/pictures/15/03/19/09/32/448092.jpg
237;Before Sunset;2004;Romance;USA;Richard Linklater;Ethan Hawke;https://m.media-amazon.com/images/M/MV5BMTQ1MjAwNTM5Ml5BMl5BanBnXkFtZTYwNDM0MTc3._V1_.jpg
238;Paper Moon;1973;Drama;USA;Peter Bogdanovich;Ryan O'Neal;https://m.media-amazon.com/images/M/MV5BOWVmYzQwY2MtOTBjNi00MDNhLWI5OGMtN2RiMDYxODI3MjU5XkEyXkFqcGdeQXVyMjUzOTY1NTc@._V1_.jpg
239;Ah-ga-ssi;2016;Romance;South Korea;Chan-wook Park;Kim Min-hee;https://m.media-amazon.com/images/M/MV5BNDJhYTk2MTctZmVmOS00OTViLTgxNjQtMzQxOTRiMDdmNGRjXkEyXkFqcGdeQXVyMTMxODk2OTU@._V1_FMjpg_UX1000_.jpg
240;Paris, Texas;1984;Drama;West Germany;Wim Wenders;Harry Dean Stanton;https://m.media-amazon.com/images/M/MV5BM2RjMmU3ZWItYzBlMy00ZmJkLWE5YzgtNTVkODdhOWM3NGZhXkEyXkFqcGdeQXVyNDA5Mjg5MjA@._V1_FMjpg_UX1000_.jpg
241;The Best Years of Our Lives;1946;Romance;USA;William Wyler;Myrna Loy;https://api.time.com/wp-content/uploads/2015/05/byool.jpeg
242;Tenkû no shiro Rapyuta;1986;Drama;Japan;Hayao Miyazaki;Mayumi Tanaka;https://c8.alamy.com/comp/E5MGHY/laputa-castle-in-the-sky-aka-tenku-no-shiro-rapyuta-1986-c-buena-vista-E5MGHY.jpg
243;Pirates of the Caribbean: The Curse of the Black Pearl;2003;Adventure;USA;Gore Verbinski;Johnny Depp;https://m.media-amazon.com/images/M/MV5BNGYyZGM5MGMtYTY2Ni00M2Y1LWIzNjQtYWUzM2VlNGVhMDNhXkEyXkFqcGdeQXVyMTMxODk2OTU@._V1_FMjpg_UX1000_.jpg
244;Blade Runner 2049;2017;Drama;Canada;Denis Villeneuve;Ryan Gosling;https://m.media-amazon.com/images/M/MV5BNzA1Njg4NzYxOV5BMl5BanBnXkFtZTgwODk5NjU3MzI@._V1_FMjpg_UX1000_.jpg
245;La La Land;2016;Comedy;Hong Kong;Damien Chazelle;Ryan Gosling;https://m.media-amazon.com/images/M/MV5BMzUzNDM2NzM2MV5BMl5BanBnXkFtZTgwNTM3NTg4OTE@._V1_.jpg
246;Guardians of the Galaxy;2014;Adventure;USA;James Gunn;Chris Pratt;https://m.media-amazon.com/images/M/MV5BNDIzMTk4NDYtMjg5OS00ZGI0LWJhZDYtMzdmZGY1YWU5ZGNkXkEyXkFqcGdeQXVyMTI5NzUyMTIz._V1_.jpg
247;Fanny och Alexander;1982;Drama;Sweden;Ingmar Bergman;Bertil Guve;https://images.squarespace-cdn.com/content/v1/55aadde2e4b0a0d1a2ff1791/1581137067769-ILVVDCL2SWQ6QH19REKU/tumblr_inline_op3qqdcHJz1rxz18e_1280.jpg
248;Tsubaki Sanjûrô;1962;Drama;Japan;Akira Kurosawa;Toshirô Mifune;https://m.media-amazon.com/images/M/MV5BODYzNmIyMjItNjE2NC00ZmU1LWIwNmItY2UyYWE0ODYyMWNlXkEyXkFqcGdeQXVyNzQzNDEyOQ@@._V1_FMjpg_UX1000_.jpg
249;Gangs of Wasseypur;2012;Comedy;India;Anurag Kashyap;Manoj Bajpayee;https://m.media-amazon.com/images/M/MV5BMTQ0OTcwNzMzNl5BMl5BanBnXkFtZTcwNTE5MTk4OA@@._V1_.jpg
250;Drishyam ;2015;Drama;India;Nishikant Kamat;Ajay Devgn;https://m.media-amazon.com/images/M/MV5BYmJhZmJlYTItZmZlNy00MGY0LTg0ZGMtNWFkYWU5NTA1YTNhXkEyXkFqcGdeQXVyODE5NzE3OTE@._V1_.jpg
